Sgnyea,Prvcnm,Gdp,Gdp1,Gdp2,Gdp3
2013,甘肃省,6268.01,879.37,2821.04,2567.6
2012,甘肃省,5650.2,780.5,2600.09,2269.61
2011,甘肃省,5020.37,678.75,2377.83,1963.79
2010,甘肃省,4120.75,599.28,1984.97,1536.5
2009,甘肃省,3387.56,497.05,1527.24,1363.27
2008,甘肃省,3166.82,463,1471.43,1241.68
2007,甘肃省,2702.4,385.97,1279.32,1037.11
2006,甘肃省,2276.7,333.35,1043.19,900.16
2005,甘肃省,1933.98,308.06,838.56,787.36
2004,甘肃省,1688.49,281.4,758.18,519.35
2003,甘肃省,1399.83,236.61,607.62,460.37
2002,甘肃省,1232.0302,214.45,530.36,416.62
2001,甘肃省,1125.3728,207.05,481.07,384.39
2000,甘肃省,983.36,193.36,439.88,350.12
1999,甘肃省,931.98,191.21,423.79,316.98
1998,甘肃省,869.75,202.21,382,285.54
1997,甘肃省,781.34,189.79,343.4,248.15
1996,甘肃省,714.18,187.81,314.96,211.41
1995,甘肃省,553.35,110.65,256.83,190.28
1994,甘肃省,451.66,103.81,199.32,148.53
1993,甘肃省,372.24,87.43,159.96,124.85
1992,甘肃省,317.79,74.2,128.66,114.93
1991,甘肃省,271.39,66.55,111.91,92.93
1990,甘肃省,242.8,64.06,98.33,80.41
1989,甘肃省,216.84,59.01,91.79,66.04
1988,甘肃省,191.84,52.77,81.33,57.74
1987,甘肃省,159.52,45.27,68.4,45.85
1986,甘肃省,140.74,38.02,65.27,37.45
1985,甘肃省,123.39,33.08,58.81,31.5
1984,甘肃省,103.17,27.83,49.98,25.36
1983,甘肃省,91.5,27.65,42.92,20.93
1982,甘肃省,76.88,19.68,38.54,18.66
1981,甘肃省,70.89,17.63,35.3,17.96
1980,甘肃省,73.9,16.46,39.85,17.59
1979,甘肃省,67.51,12.89,40.98,13.64
1978,甘肃省,64.73,13.21,39.04,12.48
1977,甘肃省,58.72,13.51,35.28,9.93
1976,甘肃省,56.45,13.55,34.43,8.47
1975,甘肃省,57.37,14.34,33.85,9.18
1974,甘肃省,49.59,13.39,28.27,7.93
1973,甘肃省,43.85,10.96,25.43,7.46
1972,甘肃省,41.17,9.88,24.7,6.59
1971,甘肃省,37.87,8.33,24.62,4.92
1970,甘肃省,34.5,8.28,21.05,5.17
1969,甘肃省,27.28,7.91,15,4.37
1968,甘肃省,23.37,7.95,11.7,3.72
1967,甘肃省,23.08,6.77,11.92,4.39
1966,甘肃省,24.23,6.78,13.08,4.37
1965,甘肃省,24.98,7.74,12.74,4.5
1964,甘肃省,19.66,6.88,8.65,4.13
1963,甘肃省,16.25,6.66,5.85,3.74
1962,甘肃省,12.57,5.15,3.9,3.52
1961,甘肃省,11.75,4.7,3.76,3.29
1960,甘肃省,17.82,4.57,8.91,4.34
1959,甘肃省,23.73,7.59,10.21,5.93
1958,甘肃省,22.81,9.26,8.07,5.48
1957,甘肃省,20.11,9.65,5.63,4.83
1956,甘肃省,21.17,11.22,5.08,4.87
1955,甘肃省,17.82,10.51,3.75,3.56
1954,甘肃省,16.3,10.43,2.44,3.43
1953,甘肃省,13.86,8.87,1.8,3.19
1952,甘肃省,13.32,8.66,1.73,2.93
2013,青海省,2101.05,207.59,1204.31,689.15
2012,青海省,1893.54,176.91,1092.34,624.29
2011,青海省,1670.44,155.08,975.18,540.18
2010,青海省,1350.43,134.92,744.63,470.88
2009,青海省,1081.27,107.4,575.33,398.54
2008,青海省,1018.62,105.58,529.4,326.55
2007,青海省,797.35,83.41,417.78,282.42
2006,青海省,648.5,69.64,331.16,240.78
2005,青海省,543.32,65.34,264.61,213.37
2004,青海省,466.1,57.81,227.06,180.86
2003,青海省,390.2,46.15,184.26,159.8
2002,青海省,340.65,44.9,154.01,142.2
2001,青海省,300.13,42.79,132.18,125.98
2000,青海省,263.59,38.53,114,111.06
1999,青海省,238.39,40.54,97.88,99.97
1998,青海省,220.16,41.63,88.42,90.11
1997,青海省,202.05,40.65,78.8,82.6
1996,青海省,183.57,39.46,71.52,72.59
1995,青海省,165.31,39.62,64.58,63.6
1994,青海省,138.24,31.71,58.35,48.18
1993,青海省,109.62,22.21,48.13,39.34
1992,青海省,87.52,19.9,36.31,31.31
1991,青海省,75.1,17.96,29.84,27.3
1990,青海省,69.94,17.67,26.89,25.38
1989,青海省,60.37,15.73,25.29,19.35
1988,青海省,54.96,14.36,23.3,17.3
1987,青海省,43.38,11.74,16.61,15.03
1986,青海省,38.44,10.47,15.4,12.57
1985,青海省,33.01,8.64,13.39,10.98
1984,青海省,26.42,7.35,10.15,8.92
1983,青海省,22.45,5.9,8.98,7.57
1982,青海省,19.95,5.56,8.03,6.36
1981,青海省,17.49,4.63,7.23,5.63
1980,青海省,17.79,5,7.83,4.96
1979,青海省,15.19,3.97,7.44,3.78
1978,青海省,15.54,3.67,7.71,4.16
1977,青海省,13.13,3.84,5.88,3.41
1976,青海省,12.24,4.57,4.56,3.11
1975,青海省,12.42,4.64,4.76,3.02
1974,青海省,11.76,4.66,4.31,2.79
1973,青海省,11.08,4.35,4.11,2.62
1972,青海省,10.34,4.11,3.71,2.52
1971,青海省,9.32,3.63,3.4,2.29
1970,青海省,8.45,3.36,2.79,2
1969,青海省,7.03,3.35,1.79,1.89
1968,青海省,6.35,2.98,1.56,1.81
1967,青海省,6.95,3.65,1.57,1.73
1966,青海省,6.42,3.12,1.64,1.66
1965,青海省,6.14,3.36,1.28,1.5
1964,青海省,5.57,3.12,1.04,1.41
1963,青海省,4.86,2.66,0.85,1.35
1962,青海省,4.59,2.17,0.82,1.6
1961,青海省,5.4,2.12,1.24,2.04
1960,青海省,7.68,1.89,3.22,2.57
1959,青海省,6.94,1.93,3.03,1.98
1958,青海省,4.87,1.9,1.59,1.38
1957,青海省,3.95,2.13,0.78,1.04
1956,青海省,3.81,1.9,1,0.91
1955,青海省,2.93,1.84,0.51,0.58
1954,青海省,2.35,1.67,0.24,0.44
1953,青海省,1.74,1.24,0.2,0.3
1952,青海省,1.63,1.2,0.12,0.31
2013,广西壮族自治区,14378,2343.57,6863.04,5171.39
2012,广西壮族自治区,13035.1,2172.37,6247.43,4615.3
2011,广西壮族自治区,11720.87,2047.23,5675.32,3998.33
2010,广西壮族自治区,9569.85,1675.06,4511.68,3383.11
2009,广西壮族自治区,7759.16,1458.49,3381.54,2919.13
2008,广西壮族自治区,7021,1453.9,3037.74,2679.94
2007,广西壮族自治区,5823.41,1241.35,2425.29,2289
2006,广西壮族自治区,4746.16,1032.47,1878.56,1917.47
2005,广西壮族自治区,3984.1,912.5,1510.68,1652.57
2004,广西壮族自治区,3433.5,811.38,1288.26,1220.46
2003,广西壮族自治区,2821.11,652.28,1007.96,1074.89
2002,广西壮族自治区,2523.73,595.68,863.96,995.72
2001,广西壮族自治区,2279.34,562.52,791.85,876.82
2000,广西壮族自治区,2050.14,538.69,748,763.45
1999,广西壮族自治区,1953.27,554.48,695.83,702.96
1998,广西壮族自治区,1903.04,574.25,678.19,650.6
1997,广西壮族自治区,1817.25,631.62,759.54,624.04
1996,广西壮族自治区,1697.9,580.47,710.13,579.02
1995,广西壮族自治区,1497.56,449.64,535.86,512.06
1994,广西壮族自治区,1241.83,357.74,485.57,398.52
1993,广西壮族自治区,893.58,245.6,321.1,305
1992,广西壮族自治区,646.6,233.03,187.48,226.09
1991,广西壮族自治区,518.59,195.17,141.02,182.4
1990,广西壮族自治区,449.06,176.77,118.45,153.84
1989,广西壮族自治区,383.44,149.98,109.97,123.49
1988,广西壮族自治区,313.28,118.25,100.69,94.34
1987,广西壮族自治区,241.56,99.94,81.79,59.83
1986,广西壮族自治区,205.46,85.62,69.03,50.81
1985,广西壮族自治区,180.97,77.49,54.69,48.79
1984,广西壮族自治区,150.27,66.26,43.26,40.75
1983,广西壮族自治区,134.6,63.59,37.09,33.92
1982,广西壮族自治区,129.15,63.15,34.72,31.28
1981,广西壮族自治区,113.46,52.58,33.01,27.87
1980,广西壮族自治区,97.33,44.07,30.79,22.47
1979,广西壮族自治区,84.59,37.57,27.98,19.04
1978,广西壮族自治区,75.85,31.01,25.81,19.03
1977,广西壮族自治区,68.75,30.18,24.41,14.16
1976,广西壮族自治区,67.32,29.74,23.56,14.02
1975,广西壮族自治区,67.02,30.36,22.72,13.94
1974,广西壮族自治区,62.27,28.55,19.78,13.94
1973,广西壮族自治区,58.53,27.72,18.32,12.49
1972,广西壮族自治区,53.47,25.57,16.01,11.89
1971,广西壮族自治区,45.75,21.6,14.56,9.59
1970,广西壮族自治区,39.36,19.27,11.47,8.62
1969,广西壮族自治区,35.22,18.52,9.14,7.56
1968,广西壮族自治区,28.46,17.37,5.11,5.98
1967,广西壮族自治区,31.18,17.51,6.96,6.71
1966,广西壮族自治区,31.68,16.5,8.73,6.45
1965,广西壮族自治区,31.45,17.13,8.46,5.86
1964,广西壮族自治区,27.18,14.4,7.09,5.69
1963,广西壮族自治区,24.49,12.13,6.87,5.49
1962,广西壮族自治区,23.82,12.44,6.08,5.3
1961,广西壮族自治区,23.79,10.46,7.51,5.82
1960,广西壮族自治区,26.15,10.63,8.39,7.13
1959,广西壮族自治区,26.75,11.68,8.88,6.19
1958,广西壮族自治区,24.52,12.71,6.79,5.02
1957,广西壮族自治区,21.57,11.45,5.54,4.58
1956,广西壮族自治区,19.51,10.63,4.97,3.91
1955,广西壮族自治区,17.43,9.96,4.47,3
1954,广西壮族自治区,16.21,9.6,4.13,2.48
1953,广西壮族自治区,14.24,8.71,3.48,2.05
1952,广西壮族自治区,12.81,8.34,2.95,1.52
2013,贵州省,8006.79,1029.05,3243.7,3734.04
2012,贵州省,6852.2,891.91,2677.54,3282.75
2011,贵州省,5701.84,726.22,2194.33,2781.29
2010,贵州省,4602.16,625.03,1800.06,2177.07
2009,贵州省,3912.68,550.27,1476.62,1885.79
2008,贵州省,3561.56,547.85,1408.71,1376.84
2007,贵州省,2884.11,446.38,1148.27,1147.25
2006,贵州省,2338.98,393.17,980.78,908.05
2005,贵州省,2005.42,368.94,826.63,783.49
2004,贵州省,1677.8,334.11,714.66,543.13
2003,贵州省,1426.34,298.37,579.31,478.43
2002,贵州省,1243.43,280.83,474.68,429.53
2001,贵州省,1133.27,274.17,419.74,390.99
2000,贵州省,993.53,270.99,387.85,334.69
1999,贵州省,911.86,267.57,348.59,295.7
1998,贵州省,841.88,264.89,326.03,250.96
1997,贵州省,792.98,271.83,293.47,227.68
1996,贵州省,713.7,260.56,257.82,201.45
1995,贵州省,630.07,227.13,232.52,176.56
1994,贵州省,521.17,183.52,195.76,141.89
1993,贵州省,416.07,133.41,155.03,129.25
1992,贵州省,339.91,121.18,122.08,96.65
1991,贵州省,295.9,115.71,101.54,78.65
1990,贵州省,260.14,100.1,92.83,67.21
1989,贵州省,235.84,92.88,86.74,56.22
1988,贵州省,211.79,85.2,78.63,47.96
1987,贵州省,165.5,66.46,60.11,38.93
1986,贵州省,139.57,56.46,50.96,32.15
1985,贵州省,123.92,50.45,49.88,23.59
1984,贵州省,108.27,45.73,43.51,19.03
1983,贵州省,87.38,37.76,33.14,16.48
1982,贵州省,79.39,37.37,27.44,14.58
1981,贵州省,67.89,29.9,24.95,13.04
1980,贵州省,60.26,24.86,24,11.4
1979,贵州省,55.28,23.29,22.41,9.58
1978,贵州省,46.62,19.42,18.73,8.47
1977,贵州省,37.72,18.07,13.5,6.15
1976,贵州省,29.3,16.94,8,4.36
1975,贵州省,31.1,16.16,9.46,5.48
1974,贵州省,24.48,14.52,5.79,4.17
1973,贵州省,28.39,15.62,8.2,4.57
1972,贵州省,29.62,13.55,11.9,4.17
1971,贵州省,32.29,15.93,12.06,4.3
1970,贵州省,28.36,15.15,9.56,3.65
1969,贵州省,21.12,13.82,4.33,2.97
1968,贵州省,21.38,14.16,4.2,3.02
1967,贵州省,23.99,15.91,4.66,3.42
1966,贵州省,24.78,14.9,6.04,3.84
1965,贵州省,24.41,15.25,5.63,3.53
1964,贵州省,19.75,13.07,3.74,2.94
1963,贵州省,16.8,11.13,2.97,2.7
1962,贵州省,16.52,11.01,2.93,2.58
1961,贵州省,18.05,9.19,5.17,3.69
1960,贵州省,22.94,8.6,9.49,4.85
1959,贵州省,23.51,10.05,9.01,4.45
1958,贵州省,20.36,10.5,6.02,3.84
1957,贵州省,16.3,9.73,3.49,3.08
1956,贵州省,14.65,8.87,3.25,2.53
1955,贵州省,11.61,7.28,2.35,1.98
1954,贵州省,11.14,7.19,2.19,1.76
1953,贵州省,10.01,6.47,1.97,1.57
1952,贵州省,8.55,5.85,1.59,1.11
2013,重庆市,12656.69,1016.74,6397.92,5242.03
2012,重庆市,11409.6,940.01,5975.18,4494.41
2011,重庆市,10011.37,844.52,5543.04,3623.81
2010,重庆市,7925.58,685.38,4359.12,2881.08
2009,重庆市,6530.01,606.8,3448.77,2474.44
2008,重庆市,5793.66,575.4,2433.27,2087.99
2007,重庆市,4676.13,482.39,1892.1,1748.02
2006,重庆市,3907.23,425.81,1500.97,1564.79
2005,重庆市,3467.72,463.4,1259.12,1347.97
2004,重庆市,2692.81,431.32,1181.24,1052.83
2003,重庆市,2272.82,336.36,977.3,936.9
2002,重庆市,1990.01,315.78,827.55,827.97
2001,重庆市,1765.68,293.03,727.66,729.08
2000,重庆市,1589.34,283,657.51,648.83
1999,重庆市,1479.71,284.28,604.39,591.04
1998,重庆市,1429.26,298.67,585.38,545.21
1997,重庆市,1350.1,304.51,563.4,482.19
1996,重庆市,1179.09,287.56,474.31,425.6
1995,重庆市,1016.25,264.19,412.28,339.78
1994,重庆市,725.14,,,
1993,重庆市,608.53,141.99,229.53,181.53
1992,重庆市,461.32,117.28,164.58,138.32
1991,重庆市,374.18,109.49,130.88,101.18
1990,重庆市,327.75,100.4,115.71,83.71
1989,重庆市,278.47,81.99,116.35,80.13
1988,重庆市,240.05,75,101.13,63.92
1987,重庆市,190.35,62.69,78.35,49.31
1986,重庆市,170.34,60.06,70.52,39.76
1985,重庆市,151.96,53.73,63.93,34.3
1984,重庆市,131.27,50.66,52.95,27.66
1983,重庆市,111.46,45.44,44.33,21.69
1982,重庆市,100.6,40.62,41.49,18.49
1981,重庆市,90.67,36.32,38.6,15.75
1980,重庆市,84.77,32.57,37.62,14.58
1979,重庆市,75.87,28.79,34.02,13.06
1978,重庆市,66.37,23.93,28.19,14.25
1977,重庆市,52.41,21.31,19.8,11.3
1976,重庆市,46.92,18.87,17.37,10.68
1975,重庆市,46.48,19.43,17.81,9.24
1974,重庆市,45.16,19.34,16.66,9.16
1973,重庆市,43.64,18.56,16.12,8.96
1972,重庆市,44.5,20.23,14.74,9.53
1971,重庆市,41.03,18.43,12.85,9.75
1970,重庆市,34.7,15.34,10.64,8.72
1969,重庆市,31.12,14.64,8.71,7.77
1968,重庆市,26.06,13.3,5.86,6.9
1967,重庆市,29.25,13.82,8.04,7.39
1966,重庆市,32.13,15.16,9.62,7.35
1965,重庆市,28.81,13.48,8.31,7.02
1964,重庆市,25.95,11.88,6.92,7.15
1963,重庆市,23.6,11.42,5.38,6.8
1962,重庆市,22.12,10.26,5.12,6.74
1961,重庆市,23.25,9.83,6.41,7.01
1960,重庆市,29.58,9.14,12.01,8.43
1959,重庆市,29.22,11.07,10.14,8.01
1958,重庆市,24.39,11.22,7.23,5.94
1957,重庆市,22.03,12.31,5.2,4.52
1956,重庆市,20.81,11.29,5.68,3.84
1955,重庆市,16.45,9.62,3.49,3.34
1954,重庆市,14.86,8.82,3.17,2.87
1953,重庆市,14.38,8.89,3.16,2.33
1952,重庆市,12.73,8.39,2.42,1.92
2013,北京市,19500.56,161.83,4352.3,14986.43
2012,北京市,17879.4,150.2,4059.27,13669.93
2011,北京市,16251.93,136.27,3752.48,12363.18
2010,北京市,14113.58,124.36,3388.38,10600.84
2009,北京市,12153.03,118.29,2855.55,9179.19
2008,北京市,11115,112.81,2693.15,7682.07
2007,北京市,9846.81,101.26,2509.4,6742.66
2006,北京市,8117.78,98.04,2191.43,5580.81
2005,北京市,6969.52,97.99,2026.51,4761.81
2004,北京市,6060.28,102.9,1610.37,2570.04
2003,北京市,5023.77,95.64,1311.86,2255.6
2002,北京市,4330.4,98.05,1116.53,1998.13
2001,北京市,3710.52,93.08,1030.6,1721.97
2000,北京市,2478.76,89.97,943.51,1445.28
1999,北京市,2174.46,87.48,840.23,1246.75
1998,北京市,2011.31,86.56,786.85,1137.9
1997,北京市,1810.09,84.85,738.56,986.68
1996,北京市,1615.73,83.46,683.14,849.13
1995,北京市,1394.89,72.16,645.81,789.72
1994,北京市,1084.03,74.77,499.84,509.42
1993,北京市,863.54,53.14,419.56,413.51
1992,北京市,709.1,48.67,345.91,314.52
1991,北京市,598.9,45.52,291.53,261.84
1990,北京市,500.82,43.88,262.39,194.55
1989,北京市,455.96,38.53,252.23,165.2
1988,北京市,410.22,37.07,221.27,151.88
1987,北京市,326.82,24.31,182.59,119.92
1986,北京市,284.86,19.14,165.75,99.97
1985,北京市,257.12,17.81,153.66,85.65
1984,北京市,216.61,14.85,130.68,71.08
1983,北京市,183.13,12.85,112.65,57.63
1982,北京市,154.94,10.34,99.79,44.81
1981,北京市,139.15,6.61,92.52,40.02
1980,北京市,139.07,6.07,95.79,37.21
1979,北京市,120.11,5.17,85.18,29.76
1978,北京市,108.84,5.63,77.43,25.78
1977,北京市,99.09,5.17,67.26,26.66
1976,北京市,93.84,5.58,63.59,24.67
1975,北京市,91.25,6.04,60.5,24.71
1974,北京市,80.19,5.6,56.38,18.21
1973,北京市,73.03,6.03,50.45,16.55
1972,北京市,67.19,5.37,47.01,14.81
1971,北京市,61.14,6.28,41.91,12.95
1970,北京市,63.37,6.48,45.06,11.83
1969,北京市,50.63,4.71,33.6,12.32
1968,北京市,37.82,5.48,22.13,10.21
1967,北京市,37.86,5.3,22.37,10.19
1966,北京市,44.41,5.24,28.41,10.76
1965,北京市,39.79,4.96,23.5,11.33
1964,北京市,35.99,4.83,20.96,10.2
1963,北京市,31.72,4.12,18.23,9.37
1962,北京市,29.59,3.74,16.3,9.55
1961,北京市,36.55,3.74,20.42,12.39
1960,北京市,57.47,4.01,37.03,16.43
1959,北京市,46.28,3.96,28.69,13.63
1958,北京市,34.52,3.93,20.35,10.24
1957,北京市,32.81,3.49,15.68,13.64
1956,北京市,26.83,3.32,11.39,12.12
1955,北京市,23.88,3.44,10.07,10.37
1954,北京市,21.13,3.01,9.31,8.81
1953,北京市,19.28,3.37,7.85,8.06
1952,北京市,7.88,1.75,3.05,3.08
2013,福建省,21759.64,1936.31,11315.3,8508.03
2012,福建省,19701.78,1776.71,10187.94,7737.13
2011,福建省,17560.18,1612.24,9069.2,6878.74
2010,福建省,14737.12,1363.67,7522.83,5850.62
2009,福建省,12236.53,1182.74,6005.3,5048.49
2008,福建省,10823.01,1157.75,5415.77,4249.59
2007,福建省,9248.53,1002.11,4549.42,3697.6
2006,福建省,7583.85,896.17,3743.71,2974.67
2005,福建省,6554.69,841.2,3200.26,2527.47
2004,福建省,5763.35,777.87,2950.33,2324.94
2003,福建省,4983.67,692.94,2492.73,2046.5
2002,福建省,4467.55,664.78,2159.94,1857.29
2001,福建省,4072.85,651.11,1904.21,1698.36
2000,福建省,3920.07,640.57,1711.16,1568.34
1999,福建省,3550.24,628.86,1507.29,1414.09
1998,福建省,3286.56,610.04,1444.73,1275.41
1997,福建省,3000.36,576.63,1293.5,1130.23
1996,福建省,2583.83,560.47,1089.57,956.88
1995,福建省,2160.52,464.82,882.34,747.74
1994,福建省,1685.34,372.58,739.52,573.24
1993,福建省,1133.49,254.36,455.79,404.05
1992,福建省,787.71,194.87,291.6,298.21
1991,福建省,619.87,168.64,217.74,233.49
1990,福建省,522.28,147.01,174.47,200.8
1989,福建省,458.4,135.77,163.82,158.81
1988,福建省,383.21,118.16,141.82,123.23
1987,福建省,279.24,89.24,101.28,88.72
1986,福建省,222.54,72.24,82.19,68.11
1985,福建省,200.48,68.13,72.56,59.79
1984,福建省,157.06,55.72,56.39,44.95
1983,福建省,127.76,47.27,46.05,34.44
1982,福建省,117.81,44.24,42.92,30.65
1981,福建省,105.62,39.3,39.75,26.57
1980,福建省,87.06,31.95,35.68,19.43
1979,福建省,74.11,27.97,31.37,14.77
1978,福建省,66.37,23.93,28.19,14.25
1977,福建省,52.41,21.31,19.8,11.3
1976,福建省,46.92,18.87,17.37,10.68
1975,福建省,46.48,19.43,17.81,9.24
1974,福建省,45.16,19.34,16.66,9.16
1973,福建省,43.64,18.56,16.12,8.96
1972,福建省,44.5,20.23,14.74,9.53
1971,福建省,41.03,18.43,12.85,9.75
1970,福建省,34.7,15.34,10.64,8.72
1969,福建省,31.12,14.64,8.71,7.77
1968,福建省,26.06,13.3,5.86,6.9
1967,福建省,29.25,13.82,8.04,7.39
1966,福建省,32.13,15.16,9.62,7.35
1965,福建省,28.81,13.48,8.31,7.02
1964,福建省,25.95,11.88,6.92,7.15
1963,福建省,23.6,11.42,5.38,6.8
1962,福建省,22.12,10.26,5.12,6.74
1961,福建省,23.25,9.83,6.41,7.01
1960,福建省,29.58,9.14,12.01,8.43
1959,福建省,29.22,11.07,10.14,8.01
1958,福建省,24.39,11.22,7.23,5.94
1957,福建省,22.03,12.31,5.2,4.52
1956,福建省,20.81,11.29,5.68,3.84
1955,福建省,16.45,9.62,3.49,3.34
1954,福建省,14.86,8.82,3.17,2.87
1953,福建省,14.38,8.89,3.16,2.33
1952,福建省,12.73,8.39,2.42,1.92
2013,安徽省,19038.87,2348.09,10403.96,6286.82
2012,安徽省,17212.05,2178.73,9404.84,5628.48
2011,安徽省,15300.65,2015.31,8309.38,4975.95
2010,安徽省,12359.33,1729.02,6436.62,4193.68
2009,安徽省,10062.82,1495.45,4905.22,3662.15
2008,安徽省,8851.66,1418.08,4137.35,3318.74
2007,安徽省,7360.92,1200.18,3289.12,2874.88
2006,安徽省,6112.5,1028.66,2648.13,2471.94
2005,安徽省,5350.17,966.49,2221.17,2187.46
2004,安徽省,4759.32,932.42,2169.82,1710.44
2003,安徽省,3923.1,732.81,1780.6,1458.97
2002,安徽省,3519.7195,772.55,1552.21,1244.34
2001,安徽省,3246.7146,750.07,1415.32,1124.74
2000,安徽省,3038.2359,732.19,1296.312,1009.7339
1999,安徽省,2908.58,741.1427,1278.91,888.54
1998,安徽省,2805.45,739.7,1253.53,812.22
1997,安徽省,2669.95,732.37,1260.9,676.68
1996,安徽省,2339.25,665.44,1097.37,576.44
1995,安徽省,2003.58,584.12,660.09,566.45
1994,安徽省,1488.47,336.72,744.16,407.59
1993,安徽省,1069.84,286,444.97,306.17
1992,安徽省,801.16,230.5,333,237.7
1991,安徽省,663.6,190.5,280.3,192.8
1990,安徽省,658,246.1,251.5,160.4
1989,安徽省,616.25,225.39,227.85,163.01
1988,安徽省,546.94,210.53,200.95,135.46
1987,安徽省,442.35,176.35,157.74,108.26
1986,安徽省,382.76,155.91,137.57,89.28
1985,安徽省,331.24,140.97,117.84,72.43
1984,安徽省,265.74,116.26,92.83,56.65
1983,安徽省,215.68,96.55,73.2,45.93
1982,安徽省,187.02,89.97,59.66,37.39
1981,安徽省,170.51,88.44,52.48,29.59
1980,安徽省,140.88,64.68,50.06,26.14
1979,安徽省,127.31,61.16,44.76,21.39
1978,安徽省,113.96,53.77,40.51,19.68
1977,安徽省,108.01,52.88,34.64,20.49
1976,安徽省,105.77,55.27,31.39,19.11
1975,安徽省,97.01,50.03,29.11,17.87
1974,安徽省,91.44,50.31,25.85,15.28
1973,安徽省,92.18,49,28.33,14.85
1972,安徽省,85.88,45.98,25.97,13.93
1971,安徽省,79.99,42.56,24.81,12.62
1970,安徽省,71.79,40.08,20.52,11.19
1969,安徽省,58.09,32.39,15.7,10
1968,安徽省,56.09,35.17,11.28,9.64
1967,安徽省,56.88,34.21,12.11,10.56
1966,安徽省,59.82,32.13,17.08,10.61
1965,安徽省,52.75,28.09,14.56,10.1
1964,安徽省,44.97,23.64,11.32,10.01
1963,安徽省,40.81,22.79,8.68,9.34
1962,安徽省,39.47,22.68,7.91,8.88
1961,安徽省,43.65,22.96,11.15,9.54
1960,安徽省,59.76,25.6,23,11.16
1959,安徽省,57.97,27.45,19.71,10.81
1958,安徽省,51.31,29.41,13.55,8.35
1957,安徽省,41.37,28.06,6.38,6.93
1956,安徽省,35.27,24.69,4.55,6.03
1955,安徽省,37.15,28.24,3.71,5.2
1954,安徽省,27.76,20.01,3.03,4.72
1953,安徽省,26.99,19.94,2.9,4.15
1952,安徽省,22.88,17.18,2.27,3.43
2013,广东省,62163.97,3047.51,29427.49,29688.97
2012,广东省,57067.92,2847.26,27700.97,26519.69
2011,广东省,53210.28,2665.2,26447.38,24097.7
2010,广东省,46013.06,2286.98,23014.53,20711.55
2009,广东省,39482.56,2010.27,19419.7,18052.59
2008,广东省,36796.71,1970.23,18402.64,15323.59
2007,广东省,31777.01,1695.57,15939.1,13449.73
2006,广东省,26587.76,1577.12,13431.82,11195.53
2005,广东省,22557.37,1428.27,11339.93,9598.34
2004,广东省,18864.62,1245.42,8890.29,5903.75
2003,广东省,15844.64,1093.5191,7307.08,5225.267
2002,广东省,13502.4249,1032.8,5935.63,4801.3
2001,广东省,12039.2536,1004.35,5341.6086,4301.7521
2000,广东省,9662.23,1000.06,4868.75,3793.42
1999,广东省,8464.31,1021.3,4264.32,3178.69
1998,广东省,7919.12,1004.92,3991.97,2922.23
1997,广东省,7315.51,986.82,3647.82,2680.87
1996,广东省,6519.14,941.73,3269.35,2308.06
1995,广东省,5381.72,864.49,2900.22,2168.34
1994,广东省,4240.56,694.65,2139.89,1406.02
1993,广东省,3225.3,558.7,1704.88,1205.7
1992,广东省,2293.54,465.83,1100.32,881.39
1991,广东省,1893.3,416,782.67,694.63
1990,广东省,1559.03,384.59,615.86,558.58
1989,广东省,1381.39,351.73,554.13,475.53
1988,广东省,1155.37,306.5,460.17,388.7
1987,广东省,846.69,232.14,330.35,284.2
1986,广东省,667.53,188.37,255.88,223.28
1985,广东省,577.38,171.87,229.82,175.69
1984,广东省,458.74,145.25,187.55,125.93
1983,广东省,368.75,121.24,152.27,95.24
1982,广东省,339.92,118.17,135.37,86.39
1981,广东省,290.36,94.3,120.34,75.71
1980,广东省,249.65,82.97,102.53,64.14
1979,广东省,209.34,66.62,91.65,51.06
1978,广东省,185.85,55.31,86.62,43.92
1977,广东省,168.9,47.49,79.18,42.23
1976,广东省,156.38,46.55,72.23,37.6
1975,广东省,157.66,48.58,71.75,37.33
1974,广东省,138.2,47.72,58.23,32.25
1973,广东省,128.96,44.51,54.29,30.16
1972,广东省,118.47,43.94,47.44,27.09
1971,广东省,113.23,43.28,45.41,24.54
1970,广东省,112.07,44.09,44.14,23.84
1969,广东省,98.6,39.59,36.56,22.46
1968,广东省,87.29,38.81,28.46,20.02
1967,广东省,95.99,41.82,31.56,22.61
1966,广东省,96.4,41.04,32.81,22.55
1965,广东省,87,37.29,27.83,21.88
1964,广东省,81.63,37.02,24.12,20.49
1963,广东省,81.81,36.78,23.25,21.78
1962,广东省,72.39,31.03,23.16,18.2
1961,广东省,62.18,28.24,18.93,15.01
1960,广东省,72.76,25.5,28.12,19.14
1959,广东省,73.5,27.39,26.68,19.43
1958,广东省,67.09,30.44,19.15,17.5
1957,广东省,58.64,28.84,14.6,15.2
1956,广东省,53.04,27.02,11.69,14.33
1955,广东省,47.59,24.44,10.16,12.99
1954,广东省,46.8,24.35,9.75,12.7
1953,广东省,41.23,21.03,9.26,10.94
1952,广东省,29.52,14.39,6.7,8.43
2013,西藏自治区,807.67,86.82,292.92,427.93
2012,西藏自治区,701.03,80.38,242.85,377.8
2011,西藏自治区,605.83,74.47,208.79,322.57
2010,西藏自治区,507.46,68.72,163.92,274.82
2009,西藏自治区,441.36,63.88,136.63,240.85
2008,西藏自治区,394.85,60.51,115.76,219.64
2007,西藏自治区,341.43,54.89,98.48,188.82
2006,西藏自治区,290.76,50.9,80.1,160.01
2005,西藏自治区,248.8,48.04,63.52,139.65
2004,西藏自治区,220.34,43.33,57.61,110.6
2003,西藏自治区,189.09,40.62,47.99,95.89
2002,西藏自治区,166.5583,39.68,32.93,88.81
2001,西藏自治区,146.0352,37.47,32.18,69.08
2000,西藏自治区,117.464,36.32,27.214,53.93
1999,西藏自治区,105.61,34.19,24,47.42
1998,西藏自治区,91.18,31.31,20.24,39.63
1997,西藏自治区,76.98,29.18,16.95,30.85
1996,西藏自治区,64.76,27.15,11.39,26.22
1995,西藏自治区,55.98,23.48,13.24,19.39
1994,西藏自治区,45.84,21.1,7.92,16.82
1993,西藏自治区,37.28,18.3,5.49,13.63
1992,西藏自治区,33.29,16.59,4.46,12.24
1991,西藏自治区,30.53,15.5,4.17,10.86
1990,西藏自治区,27.7,14.1,3.57,10.03
1989,西藏自治区,21.86,10.04,2.84,8.98
1988,西藏自治区,20.25,9.65,2.41,8.19
1987,西藏自治区,17.71,8.07,2.13,7.51
1986,西藏自治区,16.93,7.95,2.18,6.82
1985,西藏自治区,17.76,8.87,3.08,5.81
1984,西藏自治区,13.68,6.38,2.8,4.5
1983,西藏自治区,10.29,5.5,2.59,2.2
1982,西藏自治区,10.21,5.82,2.09,2.3
1981,西藏自治区,10.4,6.3,1.68,2.42
1980,西藏自治区,8.67,4.64,2.18,1.85
1979,西藏自治区,7.3,3.5,2.02,1.78
1978,西藏自治区,6.65,3.37,1.84,1.44
1977,西藏自治区,37.72,18.07,13.5,6.15
1976,西藏自治区,29.3,16.94,8,4.36
1975,西藏自治区,31.1,16.16,9.46,5.48
1974,西藏自治区,24.48,14.52,5.79,4.17
1973,西藏自治区,28.39,15.62,8.2,4.57
1972,西藏自治区,29.62,13.55,11.9,4.17
1971,西藏自治区,32.29,15.93,12.06,4.3
1970,西藏自治区,28.36,15.15,9.56,3.65
1969,西藏自治区,21.12,13.82,4.33,2.97
1968,西藏自治区,21.38,14.16,4.2,3.02
1967,西藏自治区,23.99,15.91,4.66,3.42
1966,西藏自治区,24.78,14.9,6.04,3.84
1965,西藏自治区,24.41,15.25,5.63,3.53
1964,西藏自治区,19.75,13.07,3.74,2.94
1963,西藏自治区,16.8,11.13,2.97,2.7
1962,西藏自治区,16.52,11.01,2.93,2.58
1961,西藏自治区,18.05,9.19,5.17,3.69
1960,西藏自治区,22.94,8.6,9.49,4.85
1959,西藏自治区,23.51,10.05,9.01,4.45
1958,西藏自治区,20.36,10.5,6.02,3.84
1957,西藏自治区,16.3,9.73,3.49,3.08
1956,西藏自治区,14.65,8.87,3.25,2.53
1955,西藏自治区,11.61,7.28,2.35,1.98
1954,西藏自治区,11.14,7.19,2.19,1.76
1953,西藏自治区,10.01,6.47,1.97,1.57
1952,西藏自治区,8.55,5.85,1.59,1.11
2013,新疆维吾尔自治区,8360.24,1468.29,3765.97,3125.98
2012,新疆维吾尔自治区,7505.31,1320.57,3481.56,2703.18
2011,新疆维吾尔自治区,6610.05,1139.03,3225.9,2245.12
2010,新疆维吾尔自治区,5437.47,1078.63,2592.15,1766.69
2009,新疆维吾尔自治区,4277.05,759.74,1929.59,1587.72
2008,新疆维吾尔自治区,4183.21,691.1,2086.74,1425.57
2007,新疆维吾尔自治区,3523.16,628.72,1647.55,1246.89
2006,新疆维吾尔自治区,3045.26,527.8,1459.3,1058.16
2005,新疆维吾尔自治区,2604.19,509.99,1164.79,929.41
2004,新疆维吾尔自治区,2209.09,444.7,1010.07,745.38
2003,新疆维吾尔自治区,1886.35,412.9,796.84,667.87
2002,新疆维吾尔自治区,1612.65,305,672.1,621.18
2001,新疆维吾尔自治区,1491.6,288.12,630.37,566.99
2000,新疆维吾尔自治区,1364.36,288.18,586.84,489.34
1999,新疆维吾尔自治区,1168.55,268.51,460.71,439.33
1998,新疆维吾尔自治区,1116.67,291.05,430.73,394.89
1997,新疆维吾尔自治区,1050.14,279.73,413.29,357.12
1996,新疆维吾尔自治区,912.15,249.31,336.89,325.95
1995,新疆维吾尔自治区,825.11,240.71,283.97,290.17
1994,新疆维吾尔自治区,673.68,187.69,265.38,220.61
1993,新疆维吾尔自治区,505.63,126.85,205.07,163.33
1992,新疆维吾尔自治区,402.31,114.5,147.64,140.17
1991,新疆维吾尔自治区,335.91,111.86,107.99,116.07
1990,新疆维吾尔自治区,261.44,104.09,83.18,74.17
1989,新疆维吾尔自治区,217.29,78.01,73.83,65.45
1988,新疆维吾尔自治区,192.72,72.27,66.02,54.43
1987,新疆维吾尔自治区,148.51,56.18,50.3,42.03
1986,新疆维吾尔自治区,129.04,46,45.63,37.41
1985,新疆维吾尔自治区,112.24,42.89,40.5,28.85
1984,新疆维吾尔自治区,89.75,36.67,31.65,21.42
1983,新疆维吾尔自治区,78.55,32.84,29.1,16.61
1982,新疆维吾尔自治区,65.24,28.11,23.35,13.78
1981,新疆维吾尔自治区,59.41,25.18,22.39,11.83
1980,新疆维吾尔自治区,53.24,21.53,21.44,10.28
1979,新疆维吾尔自治区,45.63,16.32,21.43,7.88
1978,新疆维吾尔自治区,39.07,13.97,18.35,6.75
1977,新疆维吾尔自治区,35.67,13.1,16.52,6.05
1976,新疆维吾尔自治区,31.78,12.35,14.01,5.42
1975,新疆维吾尔自治区,28.12,11.21,12.2,4.71
1974,新疆维吾尔自治区,25.05,10.25,10.15,4.65
1973,新疆维吾尔自治区,24.67,10.72,9.27,4.67
1972,新疆维吾尔自治区,24.39,10.79,8.97,4.63
1971,新疆维吾尔自治区,26.14,11.41,9.96,4.76
1970,新疆维吾尔自治区,23.08,10.35,8.67,4.06
1969,新疆维吾尔自治区,19.84,9.26,6.9,3.69
1968,新疆维吾尔自治区,19.79,9.21,6.77,3.81
1967,新疆维吾尔自治区,22.45,10.91,7.51,4.03
1966,新疆维吾尔自治区,26.78,13.81,8.17,4.81
1965,新疆维吾尔自治区,24.2,12.48,7.32,4.4
1964,新疆维吾尔自治区,21.55,11.29,6.29,3.97
1963,新疆维吾尔自治区,19.01,9.79,5.66,3.56
1962,新疆维吾尔自治区,17.72,8.26,6.11,3.35
1961,新疆维吾尔自治区,21.46,8.21,9.11,4.13
1960,新疆维吾尔自治区,25.2,9.27,11.06,4.87
1959,新疆维吾尔自治区,21.37,8.73,8.48,4.16
1958,新疆维吾尔自治区,16.9,8.8,4.72,3.39
1957,新疆维吾尔自治区,14.67,7.88,3.82,2.97
1956,新疆维吾尔自治区,14.09,7.51,3.71,2.87
1955,新疆维吾尔自治区,12.31,6.7,3.22,2.4
1954,新疆维吾尔自治区,10.54,6.26,2.7,1.58
1953,新疆维吾尔自治区,8.74,5.51,2.1,1.13
1952,新疆维吾尔自治区,7.91,5.12,1.74,1.05
2013,海南省,3146.46,756.47,871.29,1518.7
2012,海南省,2855.54,711.54,804.47,1339.53
2011,海南省,2522.66,659.23,714.5,1148.93
2010,海南省,2064.5,539.83,571,953.67
2009,海南省,1654.21,462.19,443.43,748.59
2008,海南省,1503.06,437.61,434.4,587.22
2007,海南省,1254.17,361.07,364.26,497.95
2006,海南省,1044.91,344.48,287.86,420.51
2005,海南省,897.99,300.75,220.07,373.75
2004,海南省,798.9,283.84,180.41,305.11
2003,海南省,693.2,248.33,151.16,271.44
2002,海南省,621.974,228.95,125.33,249.85
2001,海南省,558.4137,201.79,111.25,232.92
2000,海南省,518.48,196.56,102.45,219.47
1999,海南省,471.23,176.42,94.95,199.86
1998,海南省,438.92,164,90.63,184.29
1997,海南省,409.86,151.28,82.68,175.9
1996,海南省,389.53,143.54,81.32,164.67
1995,海南省,364.17,128.9,78.48,155.87
1994,海南省,330.95,107.55,83.66,139.74
1993,海南省,258.08,76.82,66.08,117.5
1992,海南省,181.71,53.59,38.27,93.06
1991,海南省,120.52,49.8,24.71,46.01
1990,海南省,102.42,45.71,20.19,36.52
1989,海南省,91.32,42.64,18.29,30.39
1988,海南省,77,38.46,14.19,24.35
1987,海南省,57.28,28.63,10.91,17.74
1986,海南省,235.11,37.9,128.25,68.96
1985,海南省,218.99,42.26,120.06,56.67
1984,海南省,197.42,46.25,103.12,48.06
1983,海南省,155.06,37.79,82.55,34.72
1982,海南省,139.22,37.33,70.25,31.64
1981,海南省,121.71,31.13,64.45,26.13
1980,海南省,108.76,20.63,63.51,24.62
1979,海南省,106.43,22.65,62.73,21.05
1978,海南省,87.99,18.2,51.47,18.32
1977,海南省,75.3,19,39.6,16.7
1976,海南省,64.6,19.1,31.3,14.2
1975,海南省,69.8,20.8,34.7,14.3
1974,海南省,64.4,19.2,30.9,14.3
1973,海南省,66.2,18.7,33.3,14.2
1972,海南省,61.6,15.7,32.2,13.7
1971,海南省,62,18.2,30.7,13.1
1970,海南省,57.7,15.2,30.3,12.2
1969,海南省,45.4,15.7,19.7,10
1968,海南省,36.8,13.7,14.2,8.9
1967,海南省,44.9,14.3,20.7,9.8
1966,海南省,49.7,14.2,24.3,11.1
1965,海南省,43.9,12.7,20.5,10.7
1964,海南省,38.4,13.1,15.6,9.7
1963,海南省,33.7,11.5,13.2,9
1962,海南省,32.4,11.1,12.2,9.1
1961,海南省,34.1,10.4,13.5,10.2
1960,海南省,50.2,8.9,28.6,12.7
1959,海南省,48.3,12.4,23,12.9
1958,海南省,39.5,13.7,14.7,11.2
1957,海南省,29.2,11.5,9.4,8.2
1956,海南省,28.4,13.6,7.3,7.5
1955,海南省,23.9,12.1,5.8,6
1954,海南省,21.9,11.5,4.8,5.6
1953,海南省,19.9,11.1,3.5,5.3
1952,海南省,16,9.4,2.7,3.9
2013,宁夏回族自治区,2565.06,222.98,1264.96,1077.12
2012,宁夏回族自治区,2341.29,199.4,1159.37,982.52
2011,宁夏回族自治区,2102.21,184.14,1056.15,861.92
2010,宁夏回族自治区,1689.65,159.29,827.91,702.45
2009,宁夏回族自治区,1353.31,127.25,662.32,563.74
2008,宁夏回族自治区,1203.92,120,581.24,397.27
2007,宁夏回族自治区,919.11,97.89,451.82,339.49
2006,宁夏回族自治区,725.9,79.54,349.83,281.39
2005,宁夏回族自治区,612.61,72.08,281.23,252.79
2004,宁夏回族自治区,537.16,65.13,239.42,155.8
2003,宁夏回族自治区,445.36,55.5,192,137.84
2002,宁夏回族自治区,377.1552,52.84,151.16,125.28
2001,宁夏回族自治区,337.4447,49.57,134.37,114.44
2000,宁夏回族自治区,265.57,45.95,120.04,99.58
1999,宁夏回族自治区,241.49,48.01,102.68,90.8
1998,宁夏回族自治区,227.46,48.69,94.01,84.76
1997,宁夏回族自治区,210.92,44.82,87.65,78.45
1996,宁夏回族自治区,193.62,43.24,79.74,70.64
1995,宁夏回族自治区,169.75,35.41,74.67,65.1
1994,宁夏回族自治区,133.97,29.93,55.78,48.26
1993,宁夏回族自治区,103.82,20.84,45.61,38.04
1992,宁夏回族自治区,83.14,18.31,34.05,30.78
1991,宁夏回族自治区,71.78,17.9,27.77,26.1
1990,宁夏回族自治区,64.84,16.84,25.34,22.66
1989,宁夏回族自治区,59.21,14.8,24.39,20.02
1988,宁夏回族自治区,50.29,13.39,19.74,17.16
1987,宁夏回族自治区,39.63,10.44,15.77,13.42
1986,宁夏回族自治区,34.54,10.36,12.97,11.2
1985,宁夏回族自治区,30.27,8.9,12.12,9.25
1984,宁夏回族自治区,24.78,7.82,9.46,7.49
1983,宁夏回族自治区,20.79,6.62,7.87,6.29
1982,宁夏回族自治区,18.22,5.66,7.02,5.54
1981,宁夏回族自治区,17.42,5.47,6.97,4.97
1980,宁夏回族自治区,15.96,4.26,7.27,4.42
1979,宁夏回族自治区,14.36,3.41,7.36,3.58
1978,宁夏回族自治区,13,3.06,6.6,3.33
1977,宁夏回族自治区,12.13,2.93,6.25,2.95
1976,宁夏回族自治区,11.1,2.72,5.6,2.78
1975,宁夏回族自治区,12.06,3.35,5.9,2.81
1974,宁夏回族自治区,11.4,3.47,5.32,2.61
1973,宁夏回族自治区,8.96,2.4,4.15,2.41
1972,宁夏回族自治区,8.83,2.69,3.84,2.3
1971,宁夏回族自治区,8.12,2.7,3.35,2.07
1970,宁夏回族自治区,6.52,2.07,2.71,1.74
1969,宁夏回族自治区,5.86,2.31,2.14,1.41
1968,宁夏回族自治区,5.06,2.23,1.68,1.15
1967,宁夏回族自治区,5.47,2.62,1.63,1.22
1966,宁夏回族自治区,5.41,2.42,1.64,1.35
1965,宁夏回族自治区,4.66,2.24,1.24,1.18
1964,宁夏回族自治区,4.09,1.98,0.97,1.14
1963,宁夏回族自治区,3.96,2.06,0.85,1.05
1962,宁夏回族自治区,4.02,2.32,0.75,0.95
1961,宁夏回族自治区,4.15,2.12,0.86,1.17
1960,宁夏回族自治区,4.8,1.52,1.99,1.29
1959,宁夏回族自治区,4.36,1.82,1.34,1.2
1958,宁夏回族自治区,3.29,1.84,0.65,0.8
1957,宁夏回族自治区,2.58,1.8,0.22,0.56
1956,宁夏回族自治区,2.57,1.91,0.18,0.48
1955,宁夏回族自治区,2.24,1.71,0.17,0.36
1954,宁夏回族自治区,2.14,1.68,0.15,0.31
1953,宁夏回族自治区,1.68,1.31,0.11,0.26
1952,宁夏回族自治区,1.73,1.43,0.08,0.22
2013,陕西省,16045.21,1526.05,8911.64,5607.52
2012,陕西省,14453.68,1370.16,8073.87,5009.65
2011,陕西省,12512.3,1220.9,6935.59,4355.81
2010,陕西省,10123.48,988.45,5446.1,3688.93
2009,陕西省,8169.8,789.64,4236.42,3143.74
2008,陕西省,7314.58,753.72,3842.08,2255.52
2007,陕西省,5757.29,592.63,2964.56,1908.6
2006,陕西省,4743.61,488.48,2440.5,1594.76
2005,陕西省,3933.72,435.77,1849.28,1390.61
2004,陕西省,3175.58,394.98,1416.82,1071.71
2003,陕西省,2587.72,320.03,1133.56,944.99
2002,陕西省,2253.39,303.79,925.78,806.39
2001,陕西省,2010.62,287.24,816.34,740.69
2000,陕西省,1660.92,279.12,731.9,649.9
1999,陕西省,1487.61,267.51,641.9,578.2
1998,陕西省,1381.53,283.49,567.66,530.38
1997,陕西省,1300.03,271.52,555.86,498.66
1996,陕西省,1175.38,262.74,475.01,437.63
1995,陕西省,1000.03,217.27,441.67,377.91
1994,陕西省,816.58,181.78,336.46,298.34
1993,陕西省,671.37,148.24,297.49,232.47
1992,陕西省,540.52,116.71,232.07,182.85
1991,陕西省,468.37,116.88,197.54,153.95
1990,陕西省,404.3,105.56,166.95,131.79
1989,陕西省,358.37,91.28,158.5,108.59
1988,陕西省,314.48,82.69,138.58,93.21
1987,陕西省,244.96,67.84,108.2,68.92
1986,陕西省,208.31,58,93.48,56.83
1985,陕西省,180.87,53.39,81.96,45.52
1984,陕西省,149.35,51.05,63.12,35.18
1983,陕西省,123.39,40,55.15,28.24
1982,陕西省,111.95,37.02,50.36,24.57
1981,陕西省,102.09,35.4,46.25,20.44
1980,陕西省,94.91,28.47,47.74,18.7
1979,陕西省,94.52,32.52,44.67,17.33
1978,陕西省,81.07,24.7,42.13,14.24
1977,陕西省,69.99,24.09,33.88,12.02
1976,陕西省,62.94,23.78,27.75,11.41
1975,陕西省,64.92,23.76,29.87,11.29
1974,陕西省,62.03,23.24,27.74,11.05
1973,陕西省,59.63,22.17,26.73,10.73
1972,陕西省,57.76,20.78,27.18,9.8
1971,陕西省,57.66,22.72,25.86,9.08
1970,陕西省,46.84,18.89,20.42,7.53
1969,陕西省,40.73,17,16.01,7.72
1968,陕西省,28.11,14.84,7.03,6.24
1967,陕西省,36.84,16.85,12.23,7.76
1966,陕西省,40.47,16.59,15.97,7.91
1965,陕西省,35.93,17.51,11.78,6.64
1964,陕西省,29.34,13.33,9.44,6.57
1963,陕西省,27.36,13.09,8.12,6.15
1962,陕西省,26.85,13.35,7.3,6.2
1961,陕西省,31.64,15.61,8.38,7.65
1960,陕西省,38.3,12.59,17.17,8.54
1959,陕西省,35.58,12.73,14.93,7.92
1958,陕西省,31.02,13.48,10.83,6.71
1957,陕西省,25.58,13.17,6.06,6.35
1956,陕西省,27.14,14.92,6.52,5.7
1955,陕西省,20.58,11.43,4.85,4.3
1954,陕西省,20.04,12.34,3.73,3.97
1953,陕西省,17.44,11.03,2.84,3.57
1952,陕西省,12.85,8.4,1.92,2.53
2013,山西省,12602.24,773.81,6792.68,5035.75
2012,山西省,12112.83,698.32,6731.56,4682.95
2011,山西省,11237.55,641.42,6635.26,3960.87
2010,山西省,9200.86,554.48,5234,3412.38
2009,山西省,7358.31,477.59,3993.8,2886.92
2008,山西省,7315.4,302.48,4265.77,2370.48
2007,山西省,6024.45,269.68,3438.58,2025.09
2006,山西省,4878.61,276.77,2748.33,1727.44
2005,山西省,4230.53,262.42,2353.16,1563.94
2004,山西省,3571.37,253.37,1810.08,978.96
2003,山西省,2855.23,215.19,1389.33,852.07
2002,山西省,2324.8,197.8,1083.79,735.95
2001,山西省,2029.53,171.09,917.98,690.9
2000,山西省,1643.81,179.86,827.59,636.36
1999,山西省,1506.78,159.96,760.72,586.1
1998,山西省,1486.08,207.26,856.13,537.72
1997,山西省,1480.13,191.84,789.45,498.84
1996,山西省,1308.01,198.29,670.41,436.8
1995,山西省,1092.48,168.69,494.45,412.89
1994,山西省,853.77,123.85,440.81,289.11
1993,山西省,704.7,97.27,335.03,248.11
1992,山西省,570,82.94,270.28,197.9
1991,山西省,468.51,68.77,236.28,163.46
1990,山西省,429.27,80.81,210.07,138.39
1989,山西省,376.26,63.75,188.75,123.76
1988,山西省,316.69,48.54,163.29,104.86
1987,山西省,257.23,39.06,137.97,80.19
1986,山西省,235.11,37.9,128.25,68.96
1985,山西省,218.99,42.26,120.06,56.67
1984,山西省,197.42,46.25,103.12,48.06
1983,山西省,155.06,37.79,82.55,34.72
1982,山西省,139.22,37.33,70.25,31.64
1981,山西省,121.71,31.13,64.45,26.13
1980,山西省,108.76,20.63,63.51,24.62
1979,山西省,106.43,22.65,62.73,21.05
1978,山西省,87.99,18.2,51.47,18.32
1977,山西省,75.3,19,39.6,16.7
1976,山西省,64.6,19.1,31.3,14.2
1975,山西省,69.8,20.8,34.7,14.3
1974,山西省,64.4,19.2,30.9,14.3
1973,山西省,66.2,18.7,33.3,14.2
1972,山西省,61.6,15.7,32.2,13.7
1971,山西省,62,18.2,30.7,13.1
1970,山西省,57.7,15.2,30.3,12.2
1969,山西省,45.4,15.7,19.7,10
1968,山西省,36.8,13.7,14.2,8.9
1967,山西省,44.9,14.3,20.7,9.8
1966,山西省,49.7,14.2,24.3,11.1
1965,山西省,43.9,12.7,20.5,10.7
1964,山西省,38.4,13.1,15.6,9.7
1963,山西省,33.7,11.5,13.2,9
1962,山西省,32.4,11.1,12.2,9.1
1961,山西省,34.1,10.4,13.5,10.2
1960,山西省,50.2,8.9,28.6,12.7
1959,山西省,48.3,12.4,23,12.9
1958,山西省,39.5,13.7,14.7,11.2
1957,山西省,29.2,11.5,9.4,8.2
1956,山西省,28.4,13.6,7.3,7.5
1955,山西省,23.9,12.1,5.8,6
1954,山西省,21.9,11.5,4.8,5.6
1953,山西省,19.9,11.1,3.5,5.3
1952,山西省,16,9.4,2.7,3.9
2013,湖北省,24668.49,3098.16,12171.56,9398.77
2012,湖北省,22250.45,2848.77,11193.1,8208.58
2011,湖北省,19632.26,2569.3,9815.94,7247.02
2010,湖北省,15967.61,2147,7767.24,6053.37
2009,湖北省,12961.1,1795.9,6038.08,5127.12
2008,湖北省,11328.89,1780,4963.61,4586.77
2007,湖北省,9333.4,1378,3966.68,3886
2006,湖北省,7617.47,1140.41,3365.08,3075.83
2005,湖北省,6590.19,1082.13,2810.01,2628
2004,湖北省,5633.24,1020.09,2994.67,2295.16
2003,湖北省,4757.45,798.35,2580.58,2022.78
2002,湖北省,4212.82,707,2446.05,1822.58
2001,湖北省,3880.53,692.17,2313.66,1656.45
2000,湖北省,4276.32,662.3,2123.7,1490.32
1999,湖北省,3857.99,653.99,1887.93,1316.07
1998,湖北省,3704.21,748.22,1752.91,1203.08
1997,湖北省,3450.24,767.92,1606.98,1075.34
1996,湖北省,2970.2,716.34,1344.36,909.5
1995,湖北省,2391.42,619.77,780.18,709.43
1994,湖北省,1878.65,501.44,812.56,564.65
1993,湖北省,1424.38,346.39,537.6,441.84
1992,湖北省,1088.39,303,444.61,340.78
1991,湖北省,913.38,279.3,359.86,274.22
1990,湖北省,824.38,289.45,313.39,221.54
1989,湖北省,717.08,239.07,300.45,177.55
1988,湖北省,626.52,214.66,271.25,140.61
1987,湖北省,517.77,183.99,224.53,109.25
1986,湖北省,442.04,163.61,187.96,90.47
1985,湖北省,396.26,144.44,174.35,77.47
1984,湖北省,328.22,126.36,136.5,65.36
1983,湖北省,262.58,105.4,106.5,50.68
1982,湖北省,241.55,101.73,94.97,44.85
1981,湖北省,219.75,87,92.85,39.9
1980,湖北省,199.38,71.22,91.67,36.49
1979,湖北省,188.46,85.15,73.03,30.28
1978,湖北省,151,61.11,63.71,26.18
1977,湖北省,131.11,57.52,49.35,24.24
1976,湖北省,114.64,57.87,34.48,22.29
1975,湖北省,120.1,53.71,45.48,20.91
1974,湖北省,107.34,56.8,32.05,18.49
1973,湖北省,113.29,52.55,43.06,17.68
1972,湖北省,102.84,47.45,38.37,17.02
1971,湖北省,100.12,45.41,36.89,17.82
1970,湖北省,88.15,44.41,26.9,16.84
1969,湖北省,76.09,39.52,21.45,15.12
1968,湖北省,73.12,42.86,16.59,13.67
1967,湖北省,78.92,43.65,20.88,14.39
1966,湖北省,83.95,45.77,24.58,13.6
1965,湖北省,72.43,37.74,21.16,13.53
1964,湖北省,61.43,32.22,16.94,12.27
1963,湖北省,56.3,32.25,12.28,11.77
1962,湖北省,52.13,29.3,10.63,12.2
1961,湖北省,48.91,25.86,10.2,12.85
1960,湖北省,63.61,23.6,23.62,16.39
1959,湖北省,64.22,24.77,22.59,16.86
1958,湖北省,61.5,26.8,19.69,15.01
1957,湖北省,48.86,24.33,11.59,12.94
1956,湖北省,44.6,22.29,10.24,12.07
1955,湖北省,34.05,18.14,7.45,8.46
1954,湖北省,25.51,12.97,5.97,6.57
1953,湖北省,30.23,16.41,5.33,8.49
1952,湖北省,24.51,13.9,3.83,6.78
2013,湖南省,24501.67,3099.23,11517.35,9885.09
2012,湖南省,22154.23,3004.21,10506.42,8643.6
2011,湖南省,19669.56,2768.03,9361.99,7539.54
2010,湖南省,16037.96,2325.5,7343.19,6369.27
2009,湖南省,13059.69,1969.69,5687.19,5402.81
2008,湖南省,11555,2007.4,4933.08,4216.16
2007,湖南省,9439.6,1626.52,3916.44,3657.04
2006,湖南省,7688.67,1332.23,3151.7,3084.96
2005,湖南省,6596.1,1274.15,2596.71,2640.48
2004,湖南省,5641.94,1155.85,2214.41,2242
2003,湖南省,4659.99,886.47,1794.21,1958.05
2002,湖南省,4151.54,847.25,1737.2,1756.49
2001,湖南省,3831.9,825.73,1573,1584.27
2000,湖南省,3691.88,784.92,1461.86,1445.1
1999,湖南省,3326.75,778.25,1297.74,1250.76
1998,湖南省,3118.09,828.31,1294.17,1088.92
1997,湖南省,2993,855.75,1166.97,970.28
1996,湖南省,2647.16,793.98,1008.43,844.75
1995,湖南省,2195.7,685.3,770.67,676.16
1994,湖南省,1694.42,532.89,618.07,543.46
1993,湖南省,1278.28,383.68,470.05,390.98
1992,湖南省,997.7,323.91,341.73,321.34
1991,湖南省,833.3,301.02,285.29,246.99
1990,湖南省,744.44,279.09,252.49,212.86
1989,湖南省,640.8,234.31,240.18,166.31
1988,湖南省,584.07,217.03,222.73,144.31
1987,湖南省,469.44,187.09,173.45,108.9
1986,湖南省,397.68,165.28,144.02,88.38
1985,湖南省,349.95,147.72,127.52,74.71
1984,湖南省,287.29,128.28,104.62,54.39
1983,湖南省,257.43,117.79,93.57,46.07
1982,湖南省,232.52,107.99,82.66,41.87
1981,湖南省,209.68,93.29,77.86,38.53
1980,湖南省,191.72,81.14,77.03,33.55
1979,湖南省,178.01,79.4,68.44,30.17
1978,湖南省,146.99,59.83,59.82,27.34
1977,湖南省,129.17,55.95,49.59,23.63
1976,湖南省,118.53,55.07,41.47,21.99
1975,湖南省,118.4,54.97,41.96,21.47
1974,湖南省,108.17,53.17,34.87,20.13
1973,湖南省,115.8,51.91,43.35,20.54
1972,湖南省,107.01,47.73,39.91,19.37
1971,湖南省,99.1,46.31,35.33,17.46
1970,湖南省,93.05,44.62,31.98,16.45
1969,湖南省,81.26,44.08,21.98,15.2
1968,湖南省,75.67,44.85,17.31,13.51
1967,湖南省,73.51,40.07,19.89,13.55
1966,湖南省,72.73,37.3,22.16,13.27
1965,湖南省,65.32,34,19.17,12.15
1964,湖南省,57.36,30.41,15.6,11.35
1963,湖南省,48.08,25.11,11.37,11.6
1962,湖南省,51.19,27.17,10.59,13.43
1961,湖南省,46.64,20.78,11.69,14.17
1960,湖南省,64.07,20.58,25.47,18.02
1959,湖南省,61.95,23.6,21.57,16.78
1958,湖南省,55.85,26.65,16.63,12.57
1957,湖南省,45.2,26.41,7.45,11.34
1956,湖南省,37.93,20.56,6.57,10.8
1955,湖南省,35.83,21.13,5.76,8.94
1954,湖南省,30.51,17.03,5.13,8.35
1953,湖南省,30.29,18.48,4.28,7.53
1952,湖南省,27.81,18.72,3.43,5.66
2013,四川省,26260.77,3425.61,13579.03,9256.13
2012,四川省,23872.8,3297.21,12333.28,8242.31
2011,四川省,21026.68,2983.51,11029.13,7014.04
2010,四川省,17185.48,2482.89,8672.18,6030.41
2009,四川省,14151.28,2240.61,6711.87,5198.8
2008,四川省,12601.23,2366.15,5790.1,4350
2007,四川省,10562.39,2032,4641.3,3832
2006,四川省,8690.24,1595.48,3775.19,3267.14
2005,四川省,7385.1,1481.14,3067.23,2836.74
2004,四川省,6379.63,1394.2583,2689.9955,2471.7596
2003,四川省,5333.09,1128.61,2266.06,2061.65
2002,四川省,4725.0134,1027.62,1982.44,1865.06
2001,四川省,4293.491,981.68,1756.86,1683.22
2000,四川省,4010.25,945.58,1700.49,1364.18
1999,四川省,3711.61,941.02,1556.68,1213.91
1998,四川省,3580.26,941.24,1527.07,1111.95
1997,四川省,3320.11,919.28,1385.38,1015.45
1996,四川省,2985.15,1175,1773.41,1266.59
1995,四川省,3534,662.46,980.91,799.84
1994,四川省,2777.88,788.39,1166.22,823.27
1993,四川省,2096.48,449.38,580.38,456.32
1992,四川省,1624.51,372.04,441.57,363.66
1991,四川省,1016.31,339,376.48,300.83
1990,四川省,890.95,321.41,312.64,256.9
1989,四川省,744.98,263.15,263.44,218.39
1988,四川省,659.69,241.95,238.32,179.42
1987,四川省,530.86,202.25,187.88,140.73
1986,四川省,458.23,181.2,160.62,116.41
1985,四川省,421.15,172.9,148.11,100.14
1984,四川省,358.06,156.11,121.68,80.27
1983,四川省,311,138.17,105.69,67.14
1982,四川省,275.23,125.36,92.84,57.03
1981,四川省,242.32,108.02,83.36,50.94
1980,四川省,229.31,101.68,81.05,46.58
1979,四川省,205.76,91.95,72.31,41.5
1978,四川省,184.61,82.2,65.55,36.86
1977,四川省,162.85,69.77,61.16,31.94
1976,四川省,140.89,56.12,54.69,30.08
1975,四川省,136.94,58.97,48.95,29.02
1974,四川省,130.75,61.15,42.46,27.14
1973,四川省,122.94,60.18,37.24,25.52
1972,四川省,108.17,54.63,31.07,22.46
1971,四川省,106.94,56.09,29.51,21.34
1970,四川省,102.32,55.03,26.91,20.38
1969,四川省,87.21,50.47,17.08,19.66
1968,四川省,76.96,49.66,8.51,18.79
1967,四川省,89.28,54.94,15.98,18.36
1966,四川省,96.25,55.83,22.83,17.6
1965,四川省,86.49,48.62,20.76,17.11
1964,四川省,75.76,44.08,15.46,16.21
1963,四川省,69.06,42.74,10.27,16.06
1962,四川省,58.38,34.96,10.63,12.8
1961,四川省,52.28,24.3,15.58,12.4
1960,四川省,55.92,21.7,22.83,11.39
1959,四川省,63.16,31.09,21.66,10.41
1958,四川省,61.73,34.18,18.18,9.37
1957,四川省,56.57,36.87,11.63,8.07
1956,四川省,49.74,32.03,10.51,7.2
1955,四川省,43.22,27.33,9.13,6.76
1954,四川省,40,25.9,7.83,6.27
1953,四川省,35.68,23.42,6.11,6.14
1952,四川省,31.69,21.18,4.55,5.96
2013,云南省,11720.91,1895.34,4927.82,4897.75
2012,云南省,10309.47,1654.55,4419.2,4235.72
2011,云南省,8893.12,1411.01,3780.32,3701.79
2010,云南省,7224.18,1108.38,3223.49,2892.31
2009,云南省,6169.75,1067.6,2582.53,2519.62
2008,云南省,5692.12,1020.94,2451.09,2228.07
2007,云南省,4772.52,837.35,2051.08,1852.88
2006,云南省,3988.14,749.81,1712.6,1544.31
2005,云南省,3461.73,669.81,1432.76,1370.32
2004,云南省,3081.91,604.33,1314.19,1040.96
2003,云南省,2556.02,502.84,1069.29,893.16
2002,云南省,2312.82,470.5,951.48,810.34
2001,云南省,2138.31,450.54,881.49,742.68
2000,云南省,1955.09,436.26,843.24,675.59
1999,云南省,1855.74,412.17,825.12,618.45
1998,云南省,1793.9,408.43,828.37,557.1
1997,云南省,1644.23,391.48,750.01,502.74
1996,云南省,1491.62,364.27,672.82,454.53
1995,云南省,1206.68,302.69,534.78,384.68
1994,云南省,973.97,237.51,429.66,306.8
1993,云南省,779.21,191.45,325.57,266.25
1992,云南省,618.69,186.8,219.03,212.86
1991,云南省,517.41,169.48,179.56,168.37
1990,云南省,451.67,168.13,157.8,125.74
1989,云南省,363.05,119.01,138.06,105.98
1988,云南省,301.09,103.47,112.4,85.22
1987,云南省,229.03,84.06,84.3,60.67
1986,云南省,182.28,71.32,70.83,40.13
1985,云南省,164.96,66.07,65.41,33.48
1984,云南省,139.58,57.33,54.38,27.87
1983,云南省,120.07,49.33,47.28,23.46
1982,云南省,110.12,47.04,42.39,20.69
1981,云南省,94.13,41.23,35.8,17.1
1980,云南省,84.27,35.89,33.98,14.4
1979,云南省,76.83,32.38,30.5,13.95
1978,云南省,69.05,29.46,27.58,12.01
1977,云南省,55.84,24.36,21.45,10.03
1976,云南省,49.27,25.7,14.96,8.61
1975,云南省,54.29,26.34,19.12,8.83
1974,云南省,51.78,24.29,18.98,8.51
1973,云南省,54.57,27.23,18.85,8.49
1972,云南省,49.5,24.84,16.89,7.77
1971,云南省,43.47,21.99,14.57,6.91
1970,云南省,38.52,18.87,13.38,6.27
1969,云南省,34.34,18.63,10.01,5.7
1968,云南省,26.51,17.36,4.74,4.41
1967,云南省,34.18,18.49,10.17,5.52
1966,云南省,36.39,18.37,12.18,5.84
1965,云南省,33.62,17.31,11.01,5.3
1964,云南省,29.25,16.18,8.19,4.88
1963,云南省,25.63,14.01,7.11,4.51
1962,云南省,24.5,13.64,6.55,4.31
1961,云南省,22.9,11.16,7.28,4.46
1960,云南省,25.43,8.83,10.5,6.1
1959,云南省,25.35,9,10.01,6.34
1958,云南省,23.21,9.57,7.99,5.65
1957,云南省,22.53,12.47,5.43,4.63
1956,云南省,21.33,11.6,5.11,4.62
1955,云南省,18.34,10.44,4.13,3.77
1954,云南省,17.03,9.92,3.57,3.54
1953,云南省,14.86,8.87,2.88,3.11
1952,云南省,11.78,7.27,1.82,2.69
2013,河北省,28301.41,3500.42,14762.1,10038.89
2012,河北省,26575.01,3186.66,14003.57,9384.78
2011,河北省,24515.76,2905.73,13126.86,8483.17
2010,河北省,20394.26,2562.81,10707.68,7123.77
2009,河北省,17235.48,2207.34,8959.83,6068.31
2008,河北省,16011.97,2034.6,8777.42,5376.59
2007,河北省,13607.32,1804.72,7241.8,4662.98
2006,河北省,11467.6,1606.48,6115.01,3938.94
2005,河北省,10012.11,1503.07,5232.5,3360.54
2004,河北省,8477.63,1370.4,4635.23,2763.16
2003,河北省,6921.29,1064.33,3657.19,2377.04
2002,河北省,6018.28,957.01,3046,2119.52
2001,河北省,5516.76,913.9,2767.41,1896.47
2000,河北省,5088.96,824.55,2559.96,1704.45
1999,河北省,4569.19,805.97,2243.59,1519.63
1998,河北省,4256.01,790.6,2084.33,1381.08
1997,河北省,3953.78,761.76,1934.38,1257.64
1996,河北省,3452.97,700.94,1664.61,1087.42
1995,河北省,2849.52,631.34,1322.77,895.41
1994,河北省,2187.49,451.91,1053.12,682.46
1993,河北省,1690.84,301.68,847.92,541.24
1992,河北省,1278.5,257.08,573.15,448.27
1991,河北省,1072.07,236.89,459.91,375.27
1990,河北省,896.33,227.89,387.52,280.92
1989,河北省,822.83,196.35,374.92,251.56
1988,河北省,701.33,162.31,323.4,215.62
1987,河北省,521.92,137.66,255.97,128.29
1986,河北省,436.65,123.45,207.28,105.92
1985,河北省,396.75,120.34,184.26,92.15
1984,河北省,332.22,111.46,145.84,74.92
1983,河北省,283.21,102.1,114.89,66.22
1982,河北省,251.45,85.59,107.83,58.03
1981,河北省,222.54,71.03,103.15,48.36
1980,河北省,219.24,68.09,105.88,45.27
1979,河北省,203.22,61.11,101.76,40.35
1978,河北省,183.06,52.2,92.38,38.48
1977,河北省,158.18,48.42,78.74,31.02
1976,河北省,133.95,45.86,63,25.09
1975,河北省,132.79,50.66,57.19,24.94
1974,河北省,121.39,45.62,50.24,25.53
1973,河北省,112.57,43.16,45.46,23.95
1972,河北省,103,38.35,41.91,22.74
1971,河北省,107.6,44.06,41.87,21.67
1970,河北省,104.25,46.41,36.91,20.93
1969,河北省,92.16,44.11,29.47,18.58
1968,河北省,79.43,40.35,23.01,16.07
1967,河北省,78.11,40.06,21.19,16.86
1966,河北省,80.24,40.12,22.42,17.7
1965,河北省,72.72,37.2,19.99,15.53
1964,河北省,56.68,27.15,16.89,12.64
1963,河北省,44.83,19.84,13.29,11.7
1962,河北省,48.73,24.07,12.66,12
1961,河北省,54.87,23.99,15.84,15.04
1960,河北省,73.44,23.43,30.88,19.13
1959,河北省,74.21,27,28.26,18.95
1958,河北省,63.61,27.89,19.51,16.21
1957,河北省,52.3,26.11,12.59,13.6
1956,河北省,49.83,25.01,12.13,12.69
1955,河北省,49.2,28.18,9.96,11.06
1954,河北省,45.31,25.38,9.14,10.79
1953,河北省,42.48,24.1,8.38,10
1952,河北省,40.49,25.23,7.61,7.65
2013,河南省,32155.86,4058.98,17806.39,10290.49
2012,河南省,29599.31,3769.54,16672.2,9157.57
2011,河南省,26931.03,3512.24,15427.08,7991.72
2010,河南省,23092.36,3258.09,13226.38,6607.89
2009,河南省,19480.46,2769.05,11010.5,5700.91
2008,河南省,18018.53,2658.8,10477.92,5271.06
2007,河南省,15012.46,2217.66,8282.83,4511.97
2006,河南省,12362.79,2049.92,6724.61,3721.44
2005,河南省,10587.42,1892.01,5514.14,3181.27
2004,河南省,8553.79,1647.48,4515.35,2652.26
2003,河南省,6867.7,1239.7,3551.94,2256.95
2002,河南省,6035.48,1288.36,2951.06,1929.31
2001,河南省,5533.01,1234.34,2659.04,1746.73
2000,河南省,5137.66,1161.58,2413.78,1562.3
1999,河南省,4576.1,1123.14,2070.88,1382.08
1998,河南省,4356.6,1071.39,2012.74,1272.47
1997,河南省,4079.26,1008.55,1920.05,1150.66
1996,河南省,3661.18,959.87,1718.98,1004.56
1995,河南省,3002.74,762.99,1394.98,830.4
1994,河南省,2224.43,546.68,1071.74,606.01
1993,河南省,1662.76,410.45,764.2,485.53
1992,河南省,1279.75,353.92,545.21,380.62
1991,河南省,1045.73,334.61,388.09,323.03
1990,河南省,934.65,325.77,331.85,277.03
1989,河南省,850.71,289.95,317.13,243.63
1988,河南省,749.09,240.72,299.83,208.54
1987,河南省,609.6,220.22,230.25,159.13
1986,河南省,502.91,179.02,202.15,121.74
1985,河南省,451.74,173.43,170.07,108.24
1984,河南省,370.04,155.28,136.29,78.47
1983,河南省,327.95,143.49,116.36,68.1
1982,河南省,263.3,108.18,102.76,52.36
1981,河南省,249.69,106.04,95.79,47.86
1980,河南省,229.16,93.23,94.44,41.49
1979,河南省,190.09,77.3,80.52,32.27
1978,河南省,162.92,64.86,69.45,28.61
1977,河南省,144.11,55.91,62.51,25.69
1976,河南省,125.52,59.98,42.39,23.15
1975,河南省,127.77,55.71,50.34,21.72
1974,河南省,119.92,53.97,44.94,21.01
1973,河南省,117.05,53.77,43.1,20.18
1972,河南省,111.41,49.05,43.09,19.27
1971,河南省,104.8,47.53,39.72,17.55
1970,河南省,97.19,44.49,36.06,16.64
1969,河南省,80.88,39.8,25.78,15.3
1968,河南省,72.19,38.4,19.53,14.26
1967,河南省,78.54,41.13,22.82,14.59
1966,河南省,76.39,35.07,26.64,14.68
1965,河南省,62.96,29.58,19.1,14.28
1964,河南省,51.4,22.4,15.56,13.44
1963,河南省,42.45,15.11,15.15,12.19
1962,河南省,43.02,17,14.05,11.97
1961,河南省,46.29,14.61,19.36,12.32
1960,河南省,66.15,20.08,33.74,12.33
1959,河南省,64.03,22.92,30.32,10.79
1958,河南省,60.76,25.64,24.24,10.88
1957,河南省,52.55,24.27,18.08,10.2
1956,河南省,48.12,27.05,12.07,9
1955,河南省,46.53,28.14,11.12,7.27
1954,河南省,44.02,26.45,10.88,6.69
1953,河南省,41.3,25.08,10.16,6.06
1952,河南省,36.09,22.46,8.23,5.4
2013,辽宁省,27077.65,2321.63,14269.46,10486.56
2012,辽宁省,24846.43,2155.82,13230.49,9460.12
2011,辽宁省,22226.7,1915.57,12152.15,8158.98
2010,辽宁省,18457.27,1631.08,9976.82,6849.37
2009,辽宁省,15212.49,1414.9,7906.34,5891.25
2008,辽宁省,13668.58,1302,7512.11,4647.46
2007,辽宁省,11164.3,1133.4,5853.1,4036.99
2006,辽宁省,9304.52,976.37,4729.5,3545.28
2005,辽宁省,8047.26,882.41,3953.28,3173.32
2004,辽宁省,6672,769.8962,3278.8848,2823.8711
2003,辽宁省,6002.54,615.8,2898.89,2487.85
2002,辽宁省,5458.22,590.2,2609.85,2258.17
2001,辽宁省,5033.08,544.44,2440.55,2048.09
2000,辽宁省,4669.06,503.44,2344.4,1821.22
1999,辽宁省,4171.69,520.8,2001.48,1649.41
1998,辽宁省,3881.73,531.46,1855.22,1495.05
1997,辽宁省,3582.46,485.38,1743.87,1260.81
1996,辽宁省,3157.69,474.09,1537.68,1145.92
1995,辽宁省,2793.37,392.2,1390,1011.2
1994,辽宁省,2461.78,318.95,1259.05,883.78
1993,辽宁省,2010.82,260.8,1039.3,710.8
1992,辽宁省,1472.95,194.6,741.9,536.5
1991,辽宁省,1200.1,180.8,590.1,429.2
1990,辽宁省,1062.7,168.6,540.8,353.3
1989,辽宁省,1003.8,141.9,545.1,316.9
1988,辽宁省,881,141.9,492.5,246.6
1987,辽宁省,719.1,109.5,417,192.6
1986,辽宁省,605.3,92.8,357.8,154.6
1985,辽宁省,518.6,74.9,328.1,115.6
1984,辽宁省,438.2,80.4,268.2,89.6
1983,辽宁省,364,72.2,219.7,72.1
1982,辽宁省,315.1,54.7,199.7,60.7
1981,辽宁省,288.6,49.1,187.5,51.9
1980,辽宁省,281,46.1,192.3,42.6
1979,辽宁省,245,40.7,166.36,37.9
1978,辽宁省,229.2,32.4,162.9,33.9
1977,辽宁省,203.77,34.33,138.74,30.7
1976,辽宁省,203.99,34.7,140.28,29.01
1975,辽宁省,198.51,36,132.69,29.82
1974,辽宁省,185.14,33.1,123.79,28.25
1973,辽宁省,171.98,31.4,113.6,26.98
1972,辽宁省,153.96,24.5,103.55,25.91
1971,辽宁省,148.6,26.3,97.57,24.73
1970,辽宁省,136.82,28.5,85.31,23.01
1969,辽宁省,113.78,22.1,70.07,21.61
1968,辽宁省,86.89,23.5,45.05,18.34
1967,辽宁省,93.35,22.6,51.65,19.1
1966,辽宁省,112.61,22.6,69.47,20.54
1965,辽宁省,103.15,20.2,62.6,20.35
1964,辽宁省,87.21,18,50.5,18.71
1963,辽宁省,76.08,16.8,42.05,17.23
1962,辽宁省,74.06,15.8,41.02,17.24
1961,辽宁省,75.86,14.8,41.6,19.46
1960,辽宁省,158.14,14.73,119.36,24.05
1959,辽宁省,136.69,18.4,95.21,23.08
1958,辽宁省,105.64,16.2,70.82,18.62
1957,辽宁省,78.69,16,46.62,16.07
1956,辽宁省,72.04,16.6,39.47,15.97
1955,辽宁省,59.37,14.6,32.18,12.59
1954,辽宁省,56.9,14,29.33,13.57
1953,辽宁省,52.85,12.3,26.14,14.41
1952,辽宁省,41.38,12,20,9.38
2013,山东省,54684.33,4742.63,27422.47,22519.23
2012,山东省,50013.24,4281.7,25735.73,19995.81
2011,山东省,45361.85,3973.85,24017.11,17370.89
2010,山东省,39169.92,3588.28,21238.49,14343.14
2009,山东省,33896.65,3226.64,18901.83,11768.18
2008,山东省,30933.28,3002.65,17702.17,10367.23
2007,山东省,25776.91,2509.14,14776.53,8680.24
2006,山东省,21900.19,2138.9,12751.2,7187.26
2005,山东省,18366.87,1963.51,10628.62,5924.74
2004,山东省,15021.84,1778.3,8724.52,4987.91
2003,山东省,12078.15,1480.67,6656.85,4298.41
2002,山东省,10275.4957,1390,5309.54,3852.52
2001,山东省,9195.036,1359.49,4654.51,3424.31
2000,山东省,8542.44,1268.57,4244.4,3029.47
1999,山东省,7662.1,1221,3705.44,2735.66
1998,山东省,7162.2,1215.81,3457.03,2489.36
1997,山东省,6650.02,1195,3185.05,2269.97
1996,山东省,5960.42,1200.17,2810.72,1949.53
1995,山东省,5002.34,1010.13,2355.78,1587.44
1994,山东省,3872.18,775.03,1900.46,1196.69
1993,山东省,2779.49,596.63,1355.71,818.03
1992,山东省,2196.53,534.62,999.11,662.8
1991,山东省,1810.54,521.85,745.9,542.79
1990,山东省,1511.19,425.29,635.98,449.92
1989,山东省,1293.94,359.14,579.65,355.15
1988,山东省,1117.66,331.94,497.1,288.62
1987,山东省,892.29,287.31,384.57,220.41
1986,山东省,742.05,252.73,313.21,176.11
1985,山东省,680.46,235.96,293.07,151.43
1984,山东省,581.56,222.13,239.27,120.16
1983,山东省,459.83,185.57,178.75,95.51
1982,山东省,395.38,154.07,166.05,75.26
1981,山东省,346.57,132.21,155.41,58.95
1980,山东省,292.13,106.43,146.11,39.59
1979,山东省,251.6,91.12,127.68,32.8
1978,山东省,225.45,75.06,119.35,31.04
1977,山东省,207.07,79.01,95.34,32.72
1976,山东省,179.58,68.88,84.7,26
1975,山东省,166.19,65.54,75.31,25.34
1974,山东省,130.81,59.19,47.44,24.18
1973,山东省,154.33,61.92,65.99,26.42
1972,山东省,146.52,59.11,63.22,24.19
1971,山东省,139.69,56.33,61.5,21.86
1970,山东省,126.31,52.23,53.71,20.37
1969,山东省,108.17,50.16,39.56,18.45
1968,山东省,99.34,44.46,37.43,17.45
1967,山东省,99.44,46.71,35.43,17.3
1966,山东省,97.58,46.99,34.44,16.15
1965,山东省,86.25,42.24,28.96,15.05
1964,山东省,71.66,33.05,23.43,15.18
1963,山东省,67.61,33.47,19.09,15.05
1962,山东省,64.38,30.42,16.91,17.05
1961,山东省,63.4,26.44,20.19,16.77
1960,山东省,71.37,20.61,31.07,19.69
1959,山东省,75.96,28.73,27.86,19.37
1958,山东省,72.97,33.94,23.73,15.3
1957,山东省,61.39,31.95,17.59,11.85
1956,山东省,63.13,35.67,16.34,11.12
1955,山东省,57.78,35.52,11.42,10.84
1954,山东省,52.98,32.48,10.98,9.52
1953,山东省,45.79,28.23,9.3,8.26
1952,山东省,43.41,28.55,7.87,6.99
2013,天津市,14370.16,188.45,7276.68,6905.03
2012,天津市,12893.88,171.6,6663.82,6058.46
2011,天津市,11307.28,159.72,5928.32,5219.24
2010,天津市,9224.46,145.58,4840.23,4238.65
2009,天津市,7521.85,128.85,3987.84,3405.16
2008,天津市,6719.01,122.58,3821.07,2410.73
2007,天津市,5252.76,110.19,2892.53,2047.68
2006,天津市,4462.74,118.23,2488.29,1752.63
2005,天津市,3905.64,112.38,2051.17,1534.07
2004,天津市,3110.97,102.29,1560.16,1269.43
2003,天津市,2578.03,89.66,1245.29,1112.71
2002,天津市,2150.76,84,1001.9,965.26
2001,天津市,1919.09,78.55,904.64,856.91
2000,天津市,1639.36,73.54,820.17,745.65
1999,天津市,1450.06,71.01,711.93,667.12
1998,天津市,1336.38,74.03,660,602.35
1997,天津市,1235.28,74.55,643.88,521.97
1996,天津市,1102.4,70.53,584.43,447.44
1995,天津市,920.11,60.8,518.55,352.62
1994,天津市,833.6,46.53,404.08,274.53
1993,天津市,536.1,35.4,308.4,195.14
1992,天津市,411.24,30.26,233.41,147.37
1991,天津市,342.75,29.26,196.6,116.79
1990,天津市,310.95,27.32,181.38,102.25
1989,天津市,283.49,26.85,177.54,79.1
1988,天津市,259.71,26.21,160.96,72.54
1987,天津市,220.12,19.63,138.02,62.47
1986,天津市,194.74,16.51,123.33,54.9
1985,天津市,175.78,12.95,114.92,47.91
1984,天津市,147.53,11.13,96.47,39.93
1983,天津市,123.42,7.6,84.47,31.35
1982,天津市,114.11,7,79.86,27.25
1981,天津市,107.96,5.18,76.97,25.81
1980,天津市,103.53,6.53,72.56,24.44
1979,天津市,93.01,6.54,64.82,21.65
1978,天津市,82.65,5.03,57.53,20.09
1977,天津市,67.73,3.56,46.97,17.2
1976,天津市,65.25,4.01,45.57,15.67
1975,天津市,69.73,4.37,50.29,15.07
1974,天津市,66.69,4.79,46.81,15.09
1973,天津市,60.33,3.92,42.51,13.9
1972,天津市,56.37,3.46,40.53,12.38
1971,天津市,55.12,3.89,39.52,11.71
1970,天津市,50.99,3.8,35.8,11.39
1969,天津市,42.87,3.46,29.03,10.38
1968,天津市,34.77,3.6,21.26,9.91
1967,天津市,33.62,3.5,20.93,9.19
1966,天津市,39.31,2.69,26.87,9.75
1965,天津市,35.96,3.91,22.96,9.09
1964,天津市,30.59,2.3,20.08,8.21
1963,天津市,26.65,2.27,16.2,8.18
1962,天津市,24.25,2.12,14.08,8.05
1961,天津市,28.41,2.52,16.56,9.33
1960,天津市,42.66,2.65,29.65,10.36
1959,天津市,41.25,2.8,29.1,9.35
1958,天津市,32.49,2.28,22.21,8
1957,天津市,24.11,2.49,13.28,8.34
1956,天津市,20.7,2.26,10.83,7.61
1955,天津市,17.12,2.35,9.16,5.61
1954,天津市,16.98,1.79,8.93,6.26
1953,天津市,17.58,1.76,8.49,7.33
1952,天津市,12.8,1.85,6.31,4.64
2013,江西省,14338.5,1636.49,7671.38,5030.63
2012,江西省,12948.88,1520.23,6942.59,4486.06
2011,江西省,11702.82,1391.07,6390.55,3921.2
2010,江西省,9451.26,1206.98,5122.88,3121.4
2009,江西省,7655.18,1098.66,3919.45,2637.07
2008,江西省,6971.05,1060.38,3414.88,2005.07
2007,江西省,5800.25,905.77,2840.92,1753.56
2006,江西省,4820.53,786.14,2320.74,1563.65
2005,江西省,4056.76,727.37,1917.47,1411.92
2004,江西省,3456.7,711.7,1595.74,1188.5
2003,江西省,2807.41,560,1227.38,1043.08
2002,江西省,2450.48,535.98,951.77,962.73
2001,江西省,2175.68,506,788.12,881.56
2000,江西省,2003.07,485.14,700.76,817.17
1999,江西省,1853.65,464.4,758.15,740.431
1998,江西省,1851.98,450.44,740.33,661.21
1997,江西省,1715.18,475.18,658.25,581.75
1996,江西省,1517.26,440,588.82,488.44
1995,江西省,1205.11,374.64,403.74,391.35
1994,江西省,948.16,314.35,338.23,295.58
1993,江西省,723.06,225.58,282.46,215
1992,江西省,572.55,200.81,199.4,172.34
1991,江西省,479.37,183.27,154.77,141.33
1990,江西省,428.62,175.96,133.56,119.1
1989,江西省,376.46,133.19,131.23,112.04
1988,江西省,325.83,119.18,117.38,89.27
1987,江西省,262.9,104.63,92.44,65.83
1986,江西省,230.82,90.27,83.6,56.95
1985,江西省,207.89,84.06,76.05,47.78
1984,江西省,169.11,71.89,61.31,35.91
1983,江西省,144.13,63.98,49.2,30.95
1982,江西省,133.96,63.91,42.64,27.41
1981,江西省,121.26,56.09,41.1,24.07
1980,江西省,111.15,48.31,41,21.84
1979,江西省,104.15,48.7,36.41,19.04
1978,江西省,87,36.18,33.08,17.74
1977,江西省,74.78,34.23,24.2,16.35
1976,江西省,64.34,32.09,17.98,14.27
1975,江西省,68.12,33.4,19.88,14.84
1974,江西省,64.73,32.4,18.37,13.96
1973,江西省,66.84,31.13,22.36,13.35
1972,江西省,66.61,31.99,20.38,14.24
1971,江西省,62.24,29.14,18.83,14.27
1970,江西省,58.37,30.03,17.15,11.19
1969,江西省,51.92,26.56,14.03,11.33
1968,江西省,45.95,25.98,10.67,9.3
1967,江西省,44.46,25.17,9.93,9.36
1966,江西省,48.4,27.14,11.26,10
1965,江西省,42.98,24.16,10.22,8.6
1964,江西省,35.2,19.56,7.92,7.72
1963,江西省,32.69,18.66,7.01,7.02
1962,江西省,33.06,18.7,6.53,7.83
1961,江西省,35.5,18,7.71,9.79
1960,江西省,36.83,14.81,9.46,12.56
1959,江西省,34.63,15.35,7.9,11.38
1958,江西省,31.21,15.82,6.73,8.66
1957,江西省,27.73,15.45,5.13,7.15
1956,江西省,22.04,12.35,4.23,5.46
1955,江西省,21.86,13.02,3.45,5.39
1954,江西省,20.66,12.22,3.19,5.25
1953,江西省,19.71,12.26,2.89,4.56
1952,江西省,18.86,12.38,2.47,4.01
2013,江苏省,59161.75,3646.08,29094.03,26421.64
2012,江苏省,54058.22,3418.29,27121.95,23517.98
2011,江苏省,49110.27,3064.77,25203.28,20842.21
2010,江苏省,41425.48,2540.1,21753.93,17131.45
2009,江苏省,34457.3,2261.86,18566.37,13629.07
2008,江苏省,30981.98,2100,16663.81,11548.8
2007,江苏省,26018.48,1816.24,14306.4,9618.52
2006,江苏省,21742.05,1545.01,12250.84,7849.23
2005,江苏省,18598.69,1461.49,10355.03,6489.14
2004,江苏省,15003.6,1315.38,8716.1069,5371.6777
2003,江苏省,12442.87,1106.35,6787.11,4567.37
2002,江苏省,10606.85,1119.12,5550.98,3961.65
2001,江苏省,9456.84,1082.43,4907.46,3522.02
2000,江苏省,8582.7276,1031.17,4435.889,3115.6686
1999,江苏省,7697.82,1003.51,3920.15,2774.16
1998,江苏省,7199.95,1016.27,3640.1,2543.58
1997,江苏省,6680.34,1008.41,3411.86,2260.07
1996,江苏省,6004.21,965.29,3074.12,1964.8
1995,江苏省,5155.25,866.24,2715.26,1573.75
1994,江苏省,4057.39,671.94,2186.77,1198.68
1993,江苏省,2998.16,490.59,1598.05,909.52
1992,江苏省,2136.02,393.82,1119.26,622.94
1991,江苏省,1601.38,345.14,793.92,462.32
1990,江苏省,1416.5,355.17,692.59,368.74
1989,江苏省,1321.85,324.18,657.06,340.61
1988,江苏省,1208.85,319.18,586.82,302.85
1987,江苏省,922.33,246.86,493.69,181.78
1986,江苏省,744.94,224.26,376.32,144.36
1985,江苏省,651.82,195.66,339.56,116.6
1984,江苏省,518.85,179,250.39,89.46
1983,江苏省,437.65,150.41,210.81,76.43
1982,江苏省,390.17,135.15,185.52,69.5
1981,江苏省,350.02,109.39,178.01,62.62
1980,江苏省,319.8,94.24,167.41,58.15
1979,江苏省,298.55,104.04,141.14,53.37
1978,江苏省,249.24,68.71,131.09,49.44
1977,江苏省,202.4,53.22,105.35,43.83
1976,江苏省,187.97,62.38,85.04,40.55
1975,江苏省,184.16,67.59,79.61,36.96
1974,江苏省,171.94,65.5,69.45,36.99
1973,江苏省,170.93,64.74,69.28,36.91
1972,江苏省,157.31,60.2,61.74,35.37
1971,江苏省,148.04,57.24,56.43,34.37
1970,江苏省,129.23,51.03,46.16,32.04
1969,江苏省,111.75,47.22,35.42,29.11
1968,江苏省,102.84,47.04,29.45,26.35
1967,江苏省,99.2,44.13,29.53,25.54
1966,江苏省,109.89,47.53,35.51,26.85
1965,江苏省,95.1,41.2,30.26,23.64
1964,江苏省,89.55,42.5,24.01,23.04
1963,江苏省,75.52,35.27,18.14,22.11
1962,江苏省,69.2,29.1,17.34,22.76
1961,江苏省,72.2,25.78,22.89,23.53
1960,江苏省,86.8,25.68,35.96,25.16
1959,江苏省,79.62,25.79,27.57,26.26
1958,江苏省,75.3,29.05,23.17,23.08
1957,江苏省,65.11,29.94,14.4,20.77
1956,江苏省,61.9,27.76,13.79,20.35
1955,江苏省,58.96,29.69,11.29,17.98
1954,江苏省,53.77,25.81,10.98,16.98
1953,江苏省,53.42,25.86,10.26,17.3
1952,江苏省,48.41,25.49,8.53,14.39
2013,上海市,21602.12,129.28,8027.77,13445.07
2012,上海市,20181.72,127.8,7854.77,12199.15
2011,上海市,19195.69,124.94,7927.89,11142.86
2010,上海市,17165.98,114.15,7218.32,9833.51
2009,上海市,15046.45,113.82,6001.78,8930.85
2008,上海市,14069.86,111.8,6235.92,7350.43
2007,上海市,12494.01,101.84,5678.51,6408.5
2006,上海市,10572.24,93.8,5028.37,5244.2
2005,上海市,9247.66,80.34,4452.92,4620.92
2004,上海市,8072.83,96.71,3788.22,3565.34
2003,上海市,6694.23,90.64,3130.72,3029.45
2002,上海市,5741.03,88.24,2564.69,2755.83
2001,上海市,5210.12,85.5,2355.53,2509.81
2000,上海市,4551.15,83.2,2163.68,2304.27
1999,上海市,4034.96,80,1953.98,2000.98
1998,上海市,3688.2,78.5,1847.2,1762.5
1997,上海市,3360.21,75.8,1754.39,1530.02
1996,上海市,2902.2,71.58,1582.5,1248.12
1995,上海市,2462.57,59.82,1419.41,1020.2
1994,上海市,1971.92,48.59,1143.24,780.09
1993,上海市,1511.61,37.82,902.38,579.03
1992,上海市,1114.32,34.16,677.39,402.77
1991,上海市,893.77,34.06,550.64,309.07
1990,上海市,744.67,34.24,505.6,241.82
1989,上海市,696.54,29.63,466.18,200.73
1988,上海市,648.3,27.36,433.05,187.89
1987,上海市,545.46,21.6,364.38,159.48
1986,上海市,490.83,19.69,336.02,135.12
1985,上海市,466.75,19.53,325.63,121.59
1984,上海市,390.85,17.26,275.37,98.22
1983,上海市,351.81,13.52,255.32,82.97
1982,上海市,337.07,13.31,249.32,74.44
1981,上海市,324.76,10.58,244.34,69.84
1980,上海市,311.89,10.1,236.1,65.69
1979,上海市,286.43,11.39,221.21,53.83
1978,上海市,272.81,11,211.05,50.76
1977,上海市,230.36,7.98,176.98,45.4
1976,上海市,208.12,8.79,158.89,40.44
1975,上海市,204.12,8.22,157.54,38.36
1974,上海市,193.45,9.45,147.86,36.14
1973,上海市,185.35,8.97,142.39,33.99
1972,上海市,170.98,8.54,132.82,29.62
1971,上海市,164.86,7.57,128.23,29.06
1970,上海市,156.67,7.42,120.82,28.43
1969,上海市,142.3,7.91,106.08,28.31
1968,上海市,123.24,8.31,89.2,25.73
1967,上海市,110.04,7.2,79.51,23.33
1966,上海市,124.81,6.8,92.27,25.74
1965,上海市,113.55,6.5,82.92,24.13
1964,上海市,100.7,6.24,72.17,22.29
1963,上海市,90.69,4.54,65.72,20.43
1962,上海市,84.72,4.51,58.8,21.41
1961,上海市,101.78,4.43,71.06,26.29
1960,上海市,158.39,4.23,123.36,30.8
1959,上海市,128.49,4.29,94.82,29.38
1958,上海市,95.61,3.57,64.66,27.38
1957,上海市,69.6,2.7,40.83,26.07
1956,上海市,63.61,2.38,35.25,25.98
1955,上海市,53.64,2.71,29.39,21.54
1954,上海市,54.7,2.26,29.67,22.77
1953,上海市,51.71,2.51,28.75,20.45
1952,上海市,36.66,2.17,19.22,15.27
2013,浙江省,37568.49,1784.62,18446.65,17337.22
2012,浙江省,34665.33,1667.88,17316.32,15681.13
2011,浙江省,32318.85,1583.04,16555.58,14180.23
2010,浙江省,27722.31,1360.56,14297.93,12063.82
2009,浙江省,22990.35,1163.08,11908.49,9918.78
2008,浙江省,21462.69,1095.43,11580.33,8811.17
2007,浙江省,18753.73,986.02,10148.45,7645.96
2006,浙江省,15718.47,925.1,8509.57,6307.85
2005,浙江省,13417.68,892.83,7166.15,5378.87
2004,浙江省,11648.7,816,6045,4382
2003,浙江省,9705.02,728,4941,3726
2002,浙江省,8003.67,694,3982,3120
2001,浙江省,6898.3388,695.15,3459.75,2593.25
2000,浙江省,6036.34,664.16,3183.47,2188.71
1999,浙江省,5364.89,631.94,2902.81,1830.14
1998,浙江省,4987.5,631.31,2709.08,1647.11
1997,浙江省,4638.24,637.48,2509.56,1491.2
1996,浙江省,4146.06,609.18,2200.19,1336.69
1995,浙江省,3524.79,549.96,1854.52,1153.07
1994,浙江省,2666.86,443.87,1388.06,834.93
1993,浙江省,1909.49,315.97,983.96,625.99
1992,浙江省,1365.06,262.67,653.43,459.6
1991,浙江省,1089.33,245.22,494.11,350
1990,浙江省,904.69,225.04,408.18,271.47
1989,浙江省,849.44,210.95,386.25,252.24
1988,浙江省,770.25,195.68,354.39,220.18
1987,浙江省,606.99,159.41,281.47,166.11
1986,浙江省,502.47,136.29,230.89,135.29
1985,浙江省,429.16,123.88,198.91,106.37
1984,浙江省,323.25,104.4,141.48,77.37
1983,浙江省,257.09,82.89,113.12,61.08
1982,浙江省,234.01,84.88,98.44,50.69
1981,浙江省,204.86,69.06,94.68,41.12
1980,浙江省,179.92,64.61,84.07,31.24
1979,浙江省,157.75,67.56,64.07,26.12
1978,浙江省,123.72,47.09,53.52,23.11
1977,浙江省,100,39.18,41.52,19.3
1976,浙江省,87.27,39.57,30.72,16.98
1975,浙江省,84.23,39.2,28.63,16.4
1974,浙江省,86.57,42.1,28.34,16.13
1973,浙江省,86.99,39.22,31.89,15.88
1972,浙江省,84.39,39.78,29.22,15.39
1971,浙江省,70.43,31.98,23.49,14.96
1970,浙江省,69.17,32.28,22.42,14.47
1969,浙江省,62.7,30.27,18.84,13.59
1968,浙江省,54.94,28.57,13.78,12.59
1967,浙江省,56.35,27.55,15.69,13.11
1966,浙江省,58.28,28.01,17.01,13.26
1965,浙江省,55.67,25.97,16.93,12.77
1964,浙江省,51.75,24.92,14.68,12.15
1963,浙江省,46.6,23.37,12.26,10.97
1962,浙江省,43.35,20.24,11.76,11.35
1961,浙江省,40.56,16.95,12.27,11.34
1960,浙江省,47.25,15.94,18.12,13.19
1959,浙江省,47.35,17.8,16.89,12.66
1958,浙江省,43.75,18.27,14.37,11.11
1957,浙江省,37.27,19.29,7.93,10.05
1956,浙江省,33.54,18.91,5.6,9.03
1955,浙江省,30.53,18.78,3.88,7.87
1954,浙江省,28.65,17.76,4.13,6.76
1953,浙江省,27.24,16.55,3.86,6.83
1952,浙江省,24.53,16.28,2.78,5.47
2013,吉林省,12981.46,1509.34,6858.23,4613.89
2012,吉林省,11939.24,1412.11,6376.77,4150.36
2011,吉林省,10568.83,1277.44,5611.48,3679.91
2010,吉林省,8667.58,1050.15,4506.31,3111.12
2009,吉林省,7278.75,980.57,3541.92,2756.26
2008,吉林省,6426.1,916.7,3064.63,2442.73
2007,吉林省,5284.69,783.8,2475.45,2025.44
2006,吉林省,4275.12,672.76,1915.29,1687.07
2005,吉林省,3620.27,625.61,1580.83,1413.83
2004,吉林省,3122.01,560.96,1379.31,1017.94
2003,吉林省,2662.08,486.9,1143.39,892.33
2002,吉林省,2348.54,446.17,978.37,821.58
2001,吉林省,2120.35,409.1,880.84,742.54
2000,吉林省,1821.19,398.73,800.28,622.18
1999,吉林省,1660.91,423.48,671.74,574.34
1998,吉林省,1557.78,429.5,597.29,530.99
1997,吉林省,1446.91,368.16,575.43,503.32
1996,吉林省,1337.16,376.01,543.17,417.98
1995,吉林省,1129.2,303.99,475.22,358.02
1994,吉林省,936.78,259.4,398.83,278.55
1993,吉林省,717.95,156.05,351.03,211.5
1992,吉林省,558.06,130.82,257.01,170.23
1991,吉林省,463.47,120.47,203.02,139.98
1990,吉林省,425.28,124.99,182.15,118.14
1989,吉林省,391.65,80.53,181.02,130.1
1988,吉林省,368.67,92.59,173.57,102.51
1987,吉林省,297.49,80.57,139.36,77.56
1986,吉林省,227.15,64.35,104.3,58.5
1985,吉林省,200.44,55.74,97.21,47.49
1984,吉林省,174.39,60.04,80.46,33.89
1983,吉林省,150.14,56.74,65.38,28.02
1982,吉林省,121.67,38.4,60.36,22.91
1981,吉林省,111.16,34.31,56.53,20.32
1980,吉林省,98.59,27.24,52.24,19.11
1979,吉林省,91.12,25.34,49.22,16.56
1978,吉林省,81.98,23.98,42.96,15.04
1977,吉林省,72.91,19.76,39.2,13.95
1976,吉林省,67.32,16.81,37.47,13.04
1975,吉林省,72.31,21.24,38.49,12.58
1974,吉林省,65.11,22.11,30.88,12.12
1973,吉林省,63.33,21.28,30.27,11.78
1972,吉林省,56.02,15.53,29.26,11.23
1971,吉林省,60.9,19.56,29.86,11.48
1970,吉林省,56.07,18.73,26.57,10.77
1969,吉林省,45.18,14.3,21.12,9.76
1968,吉林省,42.49,17.16,16.16,9.17
1967,吉林省,44.25,17.66,17.48,9.11
1966,吉林省,46.67,16.26,20.96,9.45
1965,吉林省,42.93,13.19,20.68,9.06
1964,吉林省,38.45,11.72,17.95,8.78
1963,吉林省,35.94,11.68,15.67,8.59
1962,吉林省,31.35,9.92,12.89,8.54
1961,吉林省,31.89,10.34,13.22,8.33
1960,吉林省,41.83,8.26,24.64,8.93
1959,吉林省,37.15,9.91,19.67,7.57
1958,吉林省,31.18,9.3,15,6.88
1957,吉林省,25.22,8.81,10.08,6.33
1956,吉林省,24.58,10.56,8.2,5.82
1955,吉林省,21.13,9.87,6.48,4.78
1954,吉林省,20.43,9.1,6.96,4.37
1953,吉林省,18.97,8.94,6,4.03
1952,吉林省,16.55,9.19,4.54,2.82
2013,内蒙古自治区,16832.38,1599.41,9084.19,6148.78
2012,内蒙古自治区,15880.58,1448.58,8801.5,5630.5
2011,内蒙古自治区,14359.88,1306.3,8037.69,5015.89
2010,内蒙古自治区,11672,1095.28,6367.69,4209.02
2009,内蒙古自治区,9740.25,929.6,5114,3696.65
2008,内蒙古自治区,8496.2,906.98,4271.03,2583.79
2007,内蒙古自治区,6423.18,762.1,3154.56,2174.46
2006,内蒙古自治区,4944.25,649.62,2327.44,1814.42
2005,内蒙古自治区,3905.03,589.56,1773.21,1532.78
2004,内蒙古自治区,3041.07,506.07,1332.4728,873.5345
2003,内蒙古自治区,2388.38,420.0993,973.9356,756.38
2002,内蒙古自治区,1940.94,374.69,728.34,631.28
2001,内蒙古自治区,1713.81,358.89,626.47,560.43
2000,内蒙古自治区,1401.01,350.8,556.28,493.93
1999,内蒙古自治区,1268.2,342.91,515.46,409.83
1998,内蒙古自治区,1192.29,341.62,479.53,371.14
1997,内蒙古自治区,1099.77,322.52,445.5,326.5
1996,内蒙古自治区,984.78,312.82,387.29,284.67
1995,内蒙古自治区,832.88,260.18,308.78,288.1
1994,内蒙古自治区,681.92,208.53,261.79,211.6
1993,内蒙古自治区,532.71,149.96,203.46,184.39
1992,内蒙古自治区,421.68,126.86,152.56,142.26
1991,内蒙古自治区,359.66,117.19,124.03,118.44
1990,内蒙古自治区,319.31,112.57,102.43,104.31
1989,内蒙古自治区,292.69,89.08,98.96,104.65
1988,内蒙古自治区,270.81,90.2,85.72,94.89
1987,内蒙古自治区,212.27,62.21,70.42,79.64
1986,内蒙古自治区,181.58,54.64,61.55,65.39
1985,内蒙古自治区,163.83,53.54,56.95,53.34
1984,内蒙古自治区,128.2,42.98,47.74,37.48
1983,内蒙古自治区,105.88,35.9,41.98,28
1982,内蒙古自治区,93.22,33.32,37.21,22.69
1981,内蒙古自治区,77.91,27.14,32.04,18.73
1980,内蒙古自治区,68.4,18.03,32.26,18.11
1979,内蒙古自治区,64.14,21.03,28.37,14.74
1978,内蒙古自治区,58.04,18.96,26.37,12.71
1977,内蒙古自治区,51.65,18.91,21.6,11.14
1976,内蒙古自治区,48.09,18.51,18.77,10.81
1975,内蒙古自治区,48.55,18.15,20.02,10.38
1974,内蒙古自治区,43.26,15.97,17.3,9.99
1973,内蒙古自治区,44.07,16.22,18.14,9.71
1972,内蒙古自治区,39.36,14.56,15.54,9.26
1971,内蒙古自治区,41.61,16.82,15.99,8.8
1970,内蒙古自治区,39.17,17.69,12.94,8.54
1969,内蒙古自治区,32.9,14.78,10.52,7.6
1968,内蒙古自治区,32.96,14.87,10.54,7.55
1967,内蒙古自治区,31.8,13.87,10.43,7.5
1966,内蒙古自治区,38.32,17.12,13.01,8.19
1965,内蒙古自治区,35.41,15.21,12.08,8.12
1964,内蒙古自治区,32.55,14.04,11.43,7.08
1963,内蒙古自治区,29.02,12.71,9.9,6.41
1962,内蒙古自治区,25.12,12.75,6.56,5.81
1961,内蒙古自治区,25.25,11.4,7.25,6.6
1960,内蒙古自治区,35.56,11.8,17.11,7.65
1959,内蒙古自治区,35.76,14.75,13.41,7.6
1958,内蒙古自治区,28.1,12.55,9.65,5.9
1957,内蒙古自治区,21.27,11.29,5.05,4.93
1956,内蒙古自治区,24.6,14.11,5.43,5.06
1955,内蒙古自治区,17.49,10.25,3.53,3.71
1954,内蒙古自治区,19.46,12.37,3.65,3.44
1953,内蒙古自治区,15.57,10.44,2.25,2.88
1952,内蒙古自治区,12.16,8.64,1.37,2.15
2013,黑龙江省,14382.93,2516.79,5918.22,5947.92
2012,黑龙江省,13691.58,2113.66,6037.61,5540.31
2011,黑龙江省,12582,1701.5,6330.53,4549.97
2010,黑龙江省,10368.6,1302.9,5204.11,3861.59
2009,黑龙江省,8587,1154.33,4060.72,3371.95
2008,黑龙江省,8314.37,1089.1,4365.9,2855
2007,黑龙江省,7104,915.38,3695.58,2454.04
2006,黑龙江省,6211.8,737.59,3365.31,2086
2005,黑龙江省,5513.7,684.6,2971.68,1855.22
2004,黑龙江省,4750.6,587.7563,3155.3325,1559.9154
2003,黑龙江省,4057.4,500.8,2532.45,1396.75
2002,黑龙江省,3637.2,447,2169.15,1266.01
2001,黑龙江省,3390.13,409.3,1998.74,1152.96
2000,黑龙江省,3253,357,1868.55,1027.45
1999,黑龙江省,2897.41,377.23,1587.76,932.42
1998,黑龙江省,2798.89,463.05,1506.76,863.03
1997,黑龙江省,2708.46,484.81,1449.25,774.4
1996,黑龙江省,2402.58,465.82,1280.95,655.81
1995,黑龙江省,2014.53,371.2,1048.6,571.6
1994,黑龙江省,1618.63,316.32,852.97,449.34
1993,黑龙江省,1203.22,198.41,649.7,350.24
1992,黑龙江省,864.04,167,493.1,299.6
1991,黑龙江省,822.3,148.3,413.3,260.7
1990,黑龙江省,715.2,160.3,362.7,192.2
1989,黑龙江省,630.6,93.9,345.5,191.2
1988,黑龙江省,552,94.25,295.7,162.05
1987,黑龙江省,454.6,90.7,261.6,102.3
1986,黑龙江省,400.8,92.7,212.6,95.5
1985,黑龙江省,355,77.05,205.1,72.85
1984,黑龙江省,318.3,86,175,57.3
1983,黑龙江省,276.9,78.9,150.7,47.3
1982,黑龙江省,248.42,63.75,140.77,43.9
1981,黑龙江省,228.3,57.8,132.4,38.1
1980,黑龙江省,221.04,55.27,131.09,34.68
1979,黑龙江省,187.2,44.3,113.9,29
1978,黑龙江省,174.81,41,106.61,27.2
1977,黑龙江省,155.67,37.95,92.05,25.67
1976,黑龙江省,144.15,33.92,84.98,25.25
1975,黑龙江省,144.52,33.41,81.59,26.52
1974,黑龙江省,131.43,32.58,73.59,25.26
1973,黑龙江省,123.47,30.1,69.28,24.09
1972,黑龙江省,115.7,27.52,64.56,23.62
1971,黑龙江省,115.59,25.93,66.67,22.99
1970,黑龙江省,111.21,25.56,64.02,21.63
1969,黑龙江省,100.97,24.43,55.88,20.66
1968,黑龙江省,88.89,25.19,44.48,19.22
1967,黑龙江省,90.91,25.98,45.07,19.86
1966,黑龙江省,92.06,23.29,48.55,20.22
1965,黑龙江省,78.86,19.63,40.13,19.1
1964,黑龙江省,68.16,16.81,33.01,18.34
1963,黑龙江省,61.82,17.85,28.13,15.84
1962,黑龙江省,54.62,14.52,23.1,17
1961,黑龙江省,54.17,10.88,25.45,17.84
1960,黑龙江省,80.45,11.72,48.08,20.65
1959,黑龙江省,73.5,17.44,38.1,17.96
1958,黑龙江省,61.64,18.21,29.72,13.71
1957,黑龙江省,44.42,17.16,14.95,12.31
1956,黑龙江省,42.19,17.95,13.19,11.05
1955,黑龙江省,38.18,16.61,12.13,9.44
1954,黑龙江省,36.66,14.99,13.14,8.53
1953,黑龙江省,31.99,12.92,10.72,8.35
1952,黑龙江省,26,11.92,7.84,6.24
2013,香港,18961.51 ,1898.57 ,8322.81 ,8740.13 
2012,香港,17315.67 ,1745.79 ,7838.73 ,7731.15 
2011,香港,15770.13 ,1582.87 ,7347.09 ,6840.17 
2010,香港,13383.76 ,1351.12 ,6246.11 ,5786.53 
2009,香港,11363.43 ,1174.20 ,5254.63 ,4934.60 
2008,香港,10468.18 ,1123.40 ,4966.78 ,4378.00 
2007,香港,8860.34 ,954.23 ,4194.38 ,3711.73 
2006,香港,7210.48 ,801.33 ,3457.32 ,2951.83 
2005,香港,6164.58 ,747.33 ,2919.94 ,2497.31 
2004,香港,5329.28 ,713.76 ,2463.48 ,2152.04 
2003,香港,4527.43 ,579.39 ,2081.21 ,1866.82 
2002,香港,4011.09 ,551.23 ,1796.56 ,1663.30 
2001,香港,3655.17 ,526.04 ,1650.41 ,1478.72 
2000,香港,3307.15 ,498.16 ,1518.53 ,1290.47 
1999,香港,2989.24 ,492.33 ,1367.79 ,1129.11 
1998,香港,2813.41 ,493.92 ,1300.14 ,1019.35 
1997,香港,2632.43 ,481.40 ,1251.43 ,899.60 
1996,香港,2372.55 ,467.18 ,1127.83 ,777.54 
1995,香港,2026.46 ,404.53 ,955.98 ,665.95 
1994,香港,1606.60 ,319.09 ,748.18 ,539.33 
1993,香港,1177.80 ,232.13 ,548.48 ,397.19 
1992,香港,897.45 ,195.55 ,389.98 ,311.91 
1991,香港,726.05 ,178.07 ,303.41 ,244.57 
1990,香港,622.26 ,168.73 ,257.25 ,196.28 
1989,香港,566.41 ,142.20 ,242.60 ,181.61 
1988,香港,501.43 ,128.85 ,219.57 ,153.01 
1987,香港,401.95 ,107.77 ,175.05 ,119.13 
1986,香港,342.51 ,92.96 ,149.76 ,99.79 
1985,香港,300.53 ,85.48 ,128.89 ,86.17 
1984,香港,240.27 ,77.20 ,103.52 ,59.54 
1983,香港,198.76 ,65.95 ,88.21 ,44.60 
1982,香港,177.45 ,59.25 ,79.43 ,38.77 
1981,香港,163.05 ,51.98 ,75.18 ,35.89 
1980,香港,151.52 ,45.72 ,73.07 ,32.73 
1979,香港,135.42 ,42.34 ,63.78 ,29.30 
1978,香港,121.51 ,34.25 ,58.17 ,29.08 
1977,香港,106.73 ,31.40 ,50.30 ,25.02 
1976,香港,98.12 ,32.23 ,44.57 ,21.32 
1975,香港,99.91 ,32.37 ,45.68 ,21.86 
1974,香港,93.00 ,31.51 ,39.73 ,21.76 
1973,香港,90.70 ,30.25 ,39.10 ,21.35 
1972,香港,83.94 ,27.58 ,36.14 ,20.22 
1971,香港,80.88 ,27.54 ,34.09 ,19.24 
1970,香港,75.09 ,26.44 ,30.41 ,18.24 
1969,香港,64.60 ,24.54 ,22.97 ,17.09 
1968,香港,57.44 ,24.21 ,17.91 ,15.32 
1967,香港,59.13 ,23.81 ,20.09 ,15.23 
1966,香港,62.27 ,23.41 ,23.65 ,15.21 
1965,香港,57.20 ,21.70 ,20.07 ,15.43 
1964,香港,48.47 ,18.63 ,17.12 ,12.72 
1963,香港,41.11 ,16.58 ,13.59 ,10.94 
1962,香港,38.31 ,15.10 ,11.98 ,11.23 
1961,香港,40.67 ,14.70 ,12.96 ,13.00 
1960,香港,48.57 ,11.36 ,21.61 ,15.60 
1959,香港,47.97 ,12.79 ,20.52 ,14.66 
1958,香港,43.57 ,14.86 ,16.12 ,12.59 
1957,香港,35.60 ,14.33 ,10.57 ,10.70 
1956,香港,34.27 ,14.80 ,9.36 ,10.11 
1955,香港,30.33 ,14.03 ,7.41 ,8.89 
1954,香港,28.63 ,13.07 ,7.06 ,8.51 
1953,香港,27.47 ,12.60 ,6.42 ,8.45 
1952,香港,22.63 ,11.43 ,4.73 ,6.48 
2013,澳门,18961.51 ,1898.57 ,8322.81 ,8740.13 
2012,澳门,17315.67 ,1745.79 ,7838.73 ,7731.15 
2011,澳门,15770.13 ,1582.87 ,7347.09 ,6840.17 
2010,澳门,13383.76 ,1351.12 ,6246.11 ,5786.53 
2009,澳门,11363.43 ,1174.20 ,5254.63 ,4934.60 
2008,澳门,10468.18 ,1123.40 ,4966.78 ,4378.00 
2007,澳门,8860.34 ,954.23 ,4194.38 ,3711.73 
2006,澳门,7210.48 ,801.33 ,3457.32 ,2951.83 
2005,澳门,6164.58 ,747.33 ,2919.94 ,2497.31 
2004,澳门,5329.28 ,713.76 ,2463.48 ,2152.04 
2003,澳门,4527.43 ,579.39 ,2081.21 ,1866.82 
2002,澳门,4011.09 ,551.23 ,1796.56 ,1663.30 
2001,澳门,3655.17 ,526.04 ,1650.41 ,1478.72 
2000,澳门,3307.15 ,498.16 ,1518.53 ,1290.47 
1999,澳门,2989.24 ,492.33 ,1367.79 ,1129.11 
1998,澳门,2813.41 ,493.92 ,1300.14 ,1019.35 
1997,澳门,2632.43 ,481.40 ,1251.43 ,899.60 
1996,澳门,2372.55 ,467.18 ,1127.83 ,777.54 
1995,澳门,2026.46 ,404.53 ,955.98 ,665.95 
1994,澳门,1606.60 ,319.09 ,748.18 ,539.33 
1993,澳门,1177.80 ,232.13 ,548.48 ,397.19 
1992,澳门,897.45 ,195.55 ,389.98 ,311.91 
1991,澳门,726.05 ,178.07 ,303.41 ,244.57 
1990,澳门,622.26 ,168.73 ,257.25 ,196.28 
1989,澳门,566.41 ,142.20 ,242.60 ,181.61 
1988,澳门,501.43 ,128.85 ,219.57 ,153.01 
1987,澳门,401.95 ,107.77 ,175.05 ,119.13 
1986,澳门,342.51 ,92.96 ,149.76 ,99.79 
1985,澳门,300.53 ,85.48 ,128.89 ,86.17 
1984,澳门,240.27 ,77.20 ,103.52 ,59.54 
1983,澳门,198.76 ,65.95 ,88.21 ,44.60 
1982,澳门,177.45 ,59.25 ,79.43 ,38.77 
1981,澳门,163.05 ,51.98 ,75.18 ,35.89 
1980,澳门,151.52 ,45.72 ,73.07 ,32.73 
1979,澳门,135.42 ,42.34 ,63.78 ,29.30 
1978,澳门,121.51 ,34.25 ,58.17 ,29.08 
1977,澳门,106.73 ,31.40 ,50.30 ,25.02 
1976,澳门,98.12 ,32.23 ,44.57 ,21.32 
1975,澳门,99.91 ,32.37 ,45.68 ,21.86 
1974,澳门,93.00 ,31.51 ,39.73 ,21.76 
1973,澳门,90.70 ,30.25 ,39.10 ,21.35 
1972,澳门,83.94 ,27.58 ,36.14 ,20.22 
1971,澳门,80.88 ,27.54 ,34.09 ,19.24 
1970,澳门,75.09 ,26.44 ,30.41 ,18.24 
1969,澳门,64.60 ,24.54 ,22.97 ,17.09 
1968,澳门,57.44 ,24.21 ,17.91 ,15.32 
1967,澳门,59.13 ,23.81 ,20.09 ,15.23 
1966,澳门,62.27 ,23.41 ,23.65 ,15.21 
1965,澳门,57.20 ,21.70 ,20.07 ,15.43 
1964,澳门,48.47 ,18.63 ,17.12 ,12.72 
1963,澳门,41.11 ,16.58 ,13.59 ,10.94 
1962,澳门,38.31 ,15.10 ,11.98 ,11.23 
1961,澳门,40.67 ,14.70 ,12.96 ,13.00 
1960,澳门,48.57 ,11.36 ,21.61 ,15.60 
1959,澳门,47.97 ,12.79 ,20.52 ,14.66 
1958,澳门,43.57 ,14.86 ,16.12 ,12.59 
1957,澳门,35.60 ,14.33 ,10.57 ,10.70 
1956,澳门,34.27 ,14.80 ,9.36 ,10.11 
1955,澳门,30.33 ,14.03 ,7.41 ,8.89 
1954,澳门,28.63 ,13.07 ,7.06 ,8.51 
1953,澳门,27.47 ,12.60 ,6.42 ,8.45 
1952,澳门,22.63 ,11.43 ,4.73 ,6.48 
2013,台湾,18961.51 ,1898.57 ,8322.81 ,8740.13 
2012,台湾,17315.67 ,1745.79 ,7838.73 ,7731.15 
2011,台湾,15770.13 ,1582.87 ,7347.09 ,6840.17 
2010,台湾,13383.76 ,1351.12 ,6246.11 ,5786.53 
2009,台湾,11363.43 ,1174.20 ,5254.63 ,4934.60 
2008,台湾,10468.18 ,1123.40 ,4966.78 ,4378.00 
2007,台湾,8860.34 ,954.23 ,4194.38 ,3711.73 
2006,台湾,7210.48 ,801.33 ,3457.32 ,2951.83 
2005,台湾,6164.58 ,747.33 ,2919.94 ,2497.31 
2004,台湾,5329.28 ,713.76 ,2463.48 ,2152.04 
2003,台湾,4527.43 ,579.39 ,2081.21 ,1866.82 
2002,台湾,4011.09 ,551.23 ,1796.56 ,1663.30 
2001,台湾,3655.17 ,526.04 ,1650.41 ,1478.72 
2000,台湾,3307.15 ,498.16 ,1518.53 ,1290.47 
1999,台湾,2989.24 ,492.33 ,1367.79 ,1129.11 
1998,台湾,2813.41 ,493.92 ,1300.14 ,1019.35 
1997,台湾,2632.43 ,481.40 ,1251.43 ,899.60 
1996,台湾,2372.55 ,467.18 ,1127.83 ,777.54 
1995,台湾,2026.46 ,404.53 ,955.98 ,665.95 
1994,台湾,1606.60 ,319.09 ,748.18 ,539.33 
1993,台湾,1177.80 ,232.13 ,548.48 ,397.19 
1992,台湾,897.45 ,195.55 ,389.98 ,311.91 
1991,台湾,726.05 ,178.07 ,303.41 ,244.57 
1990,台湾,622.26 ,168.73 ,257.25 ,196.28 
1989,台湾,566.41 ,142.20 ,242.60 ,181.61 
1988,台湾,501.43 ,128.85 ,219.57 ,153.01 
1987,台湾,401.95 ,107.77 ,175.05 ,119.13 
1986,台湾,342.51 ,92.96 ,149.76 ,99.79 
1985,台湾,300.53 ,85.48 ,128.89 ,86.17 
1984,台湾,240.27 ,77.20 ,103.52 ,59.54 
1983,台湾,198.76 ,65.95 ,88.21 ,44.60 
1982,台湾,177.45 ,59.25 ,79.43 ,38.77 
1981,台湾,163.05 ,51.98 ,75.18 ,35.89 
1980,台湾,151.52 ,45.72 ,73.07 ,32.73 
1979,台湾,135.42 ,42.34 ,63.78 ,29.30 
1978,台湾,121.51 ,34.25 ,58.17 ,29.08 
1977,台湾,106.73 ,31.40 ,50.30 ,25.02 
1976,台湾,98.12 ,32.23 ,44.57 ,21.32 
1975,台湾,99.91 ,32.37 ,45.68 ,21.86 
1974,台湾,93.00 ,31.51 ,39.73 ,21.76 
1973,台湾,90.70 ,30.25 ,39.10 ,21.35 
1972,台湾,83.94 ,27.58 ,36.14 ,20.22 
1971,台湾,80.88 ,27.54 ,34.09 ,19.24 
1970,台湾,75.09 ,26.44 ,30.41 ,18.24 
1969,台湾,64.60 ,24.54 ,22.97 ,17.09 
1968,台湾,57.44 ,24.21 ,17.91 ,15.32 
1967,台湾,59.13 ,23.81 ,20.09 ,15.23 
1966,台湾,62.27 ,23.41 ,23.65 ,15.21 
1965,台湾,57.20 ,21.70 ,20.07 ,15.43 
1964,台湾,48.47 ,18.63 ,17.12 ,12.72 
1963,台湾,41.11 ,16.58 ,13.59 ,10.94 
1962,台湾,38.31 ,15.10 ,11.98 ,11.23 
1961,台湾,40.67 ,14.70 ,12.96 ,13.00 
1960,台湾,48.57 ,11.36 ,21.61 ,15.60 
1959,台湾,47.97 ,12.79 ,20.52 ,14.66 
1958,台湾,43.57 ,14.86 ,16.12 ,12.59 
1957,台湾,35.60 ,14.33 ,10.57 ,10.70 
1956,台湾,34.27 ,14.80 ,9.36 ,10.11 
1955,台湾,30.33 ,14.03 ,7.41 ,8.89 
1954,台湾,28.63 ,13.07 ,7.06 ,8.51 
1953,台湾,27.47 ,12.60 ,6.42 ,8.45 
1952,台湾,22.63 ,11.43 ,4.73 ,6.48 
