year,name,value,gdp01,gdp02,gdp03
2013,北京,93213,161.83,4352.3,14986.43
2012,北京,87475,150.2,4059.27,13669.93
2011,北京,81658,136.27,3752.48,12363.18
2010,北京,75943,124.36,3388.38,10600.84
2009,北京,70452,118.29,2855.55,9179.19
2008,北京,63029,112.81,2693.15,7682.07
2007,北京,58204,101.26,2509.4,6742.66
2006,北京,50467,98.04,2191.43,5580.81
2005,北京,45443.6929,97.99,2026.51,4761.81
2004,北京,37058,102.9,1610.37,2570.04
2003,北京,32061,95.64,1311.86,2255.6
2002,北京,28449,98.05,1116.53,1998.13
2001,北京,25523,93.08,1030.6,1721.97
2000,北京,22459.6566,89.97,943.51,1445.28
1999,北京,19846.3013,87.48,840.23,1246.75
1998,北京,19118,86.56,786.85,1137.9
1997,北京,16735,84.85,738.56,986.68
1996,北京,14254,83.46,683.14,849.13
1995,北京,12690,72.16,645.81,789.72
1994,北京,10240,74.77,499.84,509.42
1993,北京,8006,53.14,419.56,413.51
1992,北京,6458,48.67,345.91,314.52
1991,北京,5494,45.52,291.53,261.84
1990,北京,4635,43.88,262.39,194.55
1989,北京,4269,38.53,252.23,165.2
1988,北京,3892,37.07,221.27,151.88
1987,北京,3150,24.31,182.59,119.92
1986,北京,2836,19.14,165.75,99.97
1985,北京,2643,17.81,153.66,85.65
1984,北京,2262,14.85,130.68,71.08
1983,北京,1943,12.85,112.65,57.63
1982,北京,1671,10.34,99.79,44.81
1981,北京,1526,6.61,92.52,40.02
1980,北京,1544,6.07,95.79,37.21
1979,北京,1358,5.17,85.18,29.76
1978,北京,1257,5.63,77.43,25.78
1977,北京,1189,5.17,67.26,26.66
1976,北京,1137,5.58,63.59,24.67
1975,北京,1115,6.04,60.5,24.71
1974,北京,990,5.6,56.38,18.21
1973,北京,914,6.03,50.45,16.55
1972,北京,853,5.37,47.01,14.81
1971,北京,787,6.28,41.91,12.95
1970,北京,824,6.48,45.06,11.83
1969,北京,654,4.71,33.6,12.32
1968,北京,484,5.48,22.13,10.21
1967,北京,488,5.3,22.37,10.19
1966,北京,575,5.24,28.41,10.76
1965,北京,516,4.96,23.5,11.33
1964,北京,476,4.83,20.96,10.2
1963,北京,431,4.12,18.23,9.37
1962,北京,410,3.74,16.3,9.55
1961,北京,503,3.74,20.42,12.39
1960,北京,812,4.01,37.03,16.43
1959,北京,703,3.96,28.69,13.63
1958,北京,552,3.93,20.35,10.24
1957,北京,539,3.49,15.68,13.64
1956,北京,465,3.32,11.39,12.12
1955,北京,436,3.44,10.07,10.37
1954,北京,405,3.01,9.31,8.81
1953,北京,394,3.37,7.85,8.06
1952,北京,170,1.75,3.05,3.08
2013,天津,99607,188.45,7276.68,6905.03
2012,天津,93173,171.6,6663.82,6058.46
2011,天津,85213,159.72,5928.32,5219.24
2010,天津,72994,145.58,4840.23,4238.65
2009,天津,62574,128.85,3987.84,3405.16
2008,天津,55473,122.58,3821.07,2410.73
2007,天津,46122,110.19,2892.53,2047.68
2006,天津,41163,118.23,2488.29,1752.63
2005,天津,35783.1885,112.38,2051.17,1534.07
2004,天津,31550,102.29,1560.16,1269.43
2003,天津,26532.0369,89.66,1245.29,1112.71
2002,天津,22380,84,1001.9,965.26
2001,天津,20154.4359,78.55,904.64,856.91
2000,天津,17993.195,73.54,820.17,745.65
1999,天津,15976.334,71.01,711.93,667.12
1998,天津,14243,74.03,660,602.35
1997,天津,13796,74.55,643.88,521.97
1996,天津,11734,70.53,584.43,447.44
1995,天津,9769,60.8,518.55,352.62
1994,天津,7751,46.53,404.08,274.53
1993,天津,5800,35.4,308.4,195.14
1992,天津,4481,30.26,233.41,147.37
1991,天津,3777,29.26,196.6,116.79
1990,天津,3487,27.32,181.38,102.25
1989,天津,3261,26.85,177.54,79.1
1988,天津,3035,26.21,160.96,72.54
1987,天津,2621,19.63,138.02,62.47
1986,天津,2352,16.51,123.33,54.9
1985,天津,2169,12.95,114.92,47.91
1984,天津,1853,11.13,96.47,39.93
1983,天津,1555,7.6,84.47,31.35
1982,天津,1469,7,79.86,27.25
1981,天津,1458,5.18,76.97,25.81
1980,天津,1357,6.53,72.56,24.44
1979,天津,1241,6.54,64.82,21.65
1978,天津,1133,5.03,57.53,20.09
1977,天津,961,3.56,46.97,17.2
1976,天津,928,4.01,45.57,15.67
1975,天津,1011,4.37,50.29,15.07
1974,天津,977,4.79,46.81,15.09
1973,天津,893,3.92,42.51,13.9
1972,天津,849,3.46,40.53,12.38
1971,天津,843,3.89,39.52,11.71
1970,天津,791,3.8,35.8,11.39
1969,天津,661,3.46,29.03,10.38
1968,天津,535,3.6,21.26,9.91
1967,天津,524,3.5,20.93,9.19
1966,天津,618,2.69,26.87,9.75
1965,天津,571,3.91,22.96,9.09
1964,天津,494,2.3,20.08,8.21
1963,天津,442,2.27,16.2,8.18
1962,天津,414,2.12,14.08,8.05
1961,天津,489,2.52,16.56,9.33
1960,天津,746,2.65,29.65,10.36
1959,天津,744,2.8,29.1,9.35
1958,天津,607,2.28,22.21,8
1957,天津,468,2.49,13.28,8.34
1956,天津,419,2.26,10.83,7.61
1955,天津,357,2.35,9.16,5.61
1954,天津,364,1.79,8.93,6.26
1953,天津,393,1.76,8.49,7.33
1952,天津,299,1.85,6.31,4.64
2013,河北,38716,3500.42,14762.1,10038.89
2012,河北,36584,3186.66,14003.57,9384.78
2011,河北,33969,2905.73,13126.86,8483.17
2010,河北,28668,2562.81,10707.68,7123.77
2009,河北,24581,2207.34,8959.83,6068.31
2008,河北,23239,2034.6,8777.42,5376.59
2007,河北,19877,1804.72,7241.8,4662.98
2006,河北,16962,1606.48,6115.01,3938.94
2005,河北,14782.2597,1503.07,5232.5,3360.54
2004,河北,12918,1370.4,4635.23,2763.16
2003,河北,10513.239,1064.33,3657.19,2377.04
2002,河北,9115,957.01,3046,2119.52
2001,河北,8362,913.9,2767.41,1896.47
2000,河北,7662.7577,824.55,2559.96,1704.45
1999,河北,6931.9637,805.97,2243.59,1519.63
1998,河北,6501,790.6,2084.33,1381.08
1997,河北,6079,761.76,1934.38,1257.64
1996,河北,5345,700.94,1664.61,1087.42
1995,河北,4444,631.34,1322.77,895.41
1994,河北,3439,451.91,1053.12,682.46
1993,河北,2682,301.68,847.92,541.24
1992,河北,2040,257.08,573.15,448.27
1991,河北,1727,236.89,459.91,375.27
1990,河北,1465,227.89,387.52,280.92
1989,河北,1409,196.35,374.92,251.56
1988,河北,1219,162.31,323.4,215.62
1987,河北,921,137.66,255.97,128.29
1986,河北,782,123.45,207.28,105.92
1985,河北,719,120.34,184.26,92.15
1984,河北,609,111.46,145.84,74.92
1983,河北,526,102.1,114.89,66.22
1982,河北,474,85.59,107.83,58.03
1981,河北,427,71.03,103.15,48.36
1980,河北,427,68.09,105.88,45.27
1979,河北,400,61.11,101.76,40.35
1978,河北,364,52.2,92.38,38.48
1977,河北,318,48.42,78.74,31.02
1976,河北,272,45.86,63,25.09
1975,河北,272,50.66,57.19,24.94
1974,河北,251,45.62,50.24,25.53
1973,河北,236,43.16,45.46,23.95
1972,河北,220,38.35,41.91,22.74
1971,河北,234,44.06,41.87,21.67
1970,河北,232,46.41,36.91,20.93
1969,河北,210,44.11,29.47,18.58
1968,河北,185,40.35,23.01,16.07
1967,河北,185,40.06,21.19,16.86
1966,河北,194,40.12,22.42,17.7
1965,河北,180,37.2,19.99,15.53
1964,河北,143,27.15,16.89,12.64
1963,河北,114,19.84,13.29,11.7
1962,河北,127,24.07,12.66,12
1961,河北,145,23.99,15.84,15.04
1960,河北,194,23.43,30.88,19.13
1959,河北,197,27,28.26,18.95
1958,河北,172,27.89,19.51,16.21
1957,河北,144,26.11,12.59,13.6
1956,河北,140,25.01,12.13,12.69
1955,河北,141,28.18,9.96,11.06
1954,河北,134,25.38,9.14,10.79
1953,河北,128,24.1,8.38,10
1952,河北,125,25.23,7.61,7.65
2013,山西,34813,773.81,6792.68,5035.75
2012,山西,33628,698.32,6731.56,4682.95
2011,山西,31357,641.42,6635.26,3960.87
2010,山西,26283,554.48,5234,3412.38
2009,山西,21522,477.59,3993.8,2886.92
2008,山西,20398,302.48,4265.77,2370.48
2007,山西,16945,269.68,3438.58,2025.09
2006,山西,14123,276.77,2748.33,1727.44
2005,山西,12495,262.42,2353.16,1563.94
2004,山西,9150,253.37,1810.08,978.96
2003,山西,7435,215.19,1389.33,852.07
2002,山西,6146,197.8,1083.79,735.95
2001,山西,5460,171.09,917.98,690.9
2000,山西,5137.0507,179.86,827.59,636.36
1999,山西,4726.5302,159.96,760.72,586.1
1998,山西,5104,207.26,856.13,537.72
1997,山西,4736,191.84,789.45,498.84
1996,山西,4177,198.29,670.41,436.8
1995,山西,3515,168.69,494.45,412.89
1994,山西,2729,123.85,440.81,289.11
1993,山西,2271,97.27,335.03,248.11
1992,山西,1862,82.94,270.28,197.9
1991,山西,1592,68.77,236.28,163.46
1990,山西,1528,80.81,210.07,138.39
1989,山西,1367,63.75,188.75,123.76
1988,山西,1168,48.54,163.29,104.86
1987,山西,962,39.06,137.97,80.19
1986,山西,890,37.9,128.25,68.96
1985,山西,838,42.26,120.06,56.67
1984,山西,756,46.25,103.12,48.06
1983,山西,604,37.79,82.55,34.72
1982,山西,551,37.33,70.25,31.64
1981,山西,488,31.13,64.45,26.13
1980,山西,442,20.63,63.51,24.62
1979,山西,437,22.65,62.73,21.05
1978,山西,365,18.2,51.47,18.32
1977,山西,315,19,39.6,16.7
1976,山西,274,19.1,31.3,14.2
1975,山西,301,20.8,34.7,14.3
1974,山西,283,19.2,30.9,14.3
1973,山西,296,18.7,33.3,14.2
1972,山西,282,15.7,32.2,13.7
1971,山西,290,18.2,30.7,13.1
1970,山西,277,15.2,30.3,12.2
1969,山西,224,15.7,19.7,10
1968,山西,187,13.7,14.2,8.9
1967,山西,233,14.3,20.7,9.8
1966,山西,263,14.2,24.3,11.1
1965,山西,238,12.7,20.5,10.7
1964,山西,213,13.1,15.6,9.7
1963,山西,191,11.5,13.2,9
1962,山西,188,11.1,12.2,9.1
1961,山西,200,10.4,13.5,10.2
1960,山西,298,8.9,28.6,12.7
1959,山西,294,12.4,23,12.9
1958,山西,246,13.7,14.7,11.2
1957,山西,186,11.5,9.4,8.2
1956,山西,186,13.6,7.3,7.5
1955,山西,160,12.1,5.8,6
1954,山西,151,11.5,4.8,5.6
1953,山西,141,11.1,3.5,5.3
1952,山西,116,9.4,2.7,3.9
2013,内蒙古,67498,1599.41,9084.19,6148.78
2012,内蒙古,63886,1448.58,8801.5,5630.5
2011,内蒙古,57974,1306.3,8037.69,5015.89
2010,内蒙古,47347,1095.28,6367.69,4209.02
2009,内蒙古,40282,929.6,5114,3696.65
2008,内蒙古,32214,906.98,4271.03,2583.79
2007,内蒙古,25393,762.1,3154.56,2174.46
2006,内蒙古,20053,649.62,2327.44,1814.42
2005,内蒙古,16330.8187,589.56,1773.21,1532.78
2004,内蒙古,11305,506.07,1332.4728,873.5345
2003,内蒙古,8974.6459,420.0993,973.9356,756.38
2002,内蒙古,7241,374.69,728.34,631.28
2001,内蒙古,6462.5219,358.89,626.47,560.43
2000,内蒙古,5871.7938,350.8,556.28,493.93
1999,内蒙古,5350.1519,342.91,515.46,409.83
1998,内蒙古,5406,341.62,479.53,371.14
1997,内蒙古,4691,322.52,445.5,326.5
1996,内蒙古,4457,312.82,387.29,284.67
1995,内蒙古,3772,260.18,308.78,288.1
1994,内蒙古,3094,208.53,261.79,211.6
1993,内蒙古,2423,149.96,203.46,184.39
1992,内蒙古,1906,126.86,152.56,142.26
1991,内蒙古,1642,117.19,124.03,118.44
1990,内蒙古,1478,112.57,102.43,104.31
1989,内蒙古,1377,89.08,98.96,104.65
1988,内蒙古,1291,90.2,85.72,94.89
1987,内蒙古,1025,62.21,70.42,79.64
1986,内蒙古,888,54.64,61.55,65.39
1985,内蒙古,809,53.54,56.95,53.34
1984,内蒙古,640,42.98,47.74,37.48
1983,内蒙古,535,35.9,41.98,28
1982,内蒙古,480,33.32,37.21,22.69
1981,内蒙古,407,27.14,32.04,18.73
1980,内蒙古,361,18.03,32.26,18.11
1979,内蒙古,343,21.03,28.37,14.74
1978,内蒙古,317,18.96,26.37,12.71
1977,内蒙古,287,18.91,21.6,11.14
1976,内蒙古,272,18.51,18.77,10.81
1975,内蒙古,280,18.15,20.02,10.38
1974,内蒙古,256,15.97,17.3,9.99
1973,内蒙古,269,16.22,18.14,9.71
1972,内蒙古,247,14.56,15.54,9.26
1971,内蒙古,271,16.82,15.99,8.8
1970,内蒙古,263,17.69,12.94,8.54
1969,内蒙古,227,14.78,10.52,7.6
1968,内蒙古,235,14.87,10.54,7.55
1967,内蒙古,233,13.87,10.43,7.5
1966,内蒙古,289,17.12,13.01,8.19
1965,内蒙古,275,15.21,12.08,8.12
1964,内蒙古,262,14.04,11.43,7.08
1963,内蒙古,243,12.71,9.9,6.41
1962,内蒙古,215,12.75,6.56,5.81
1961,内蒙古,215,11.4,7.25,6.6
1960,内蒙古,325,11.8,17.11,7.65
1959,内蒙古,349,14.75,13.41,7.6
1958,内蒙古,292,12.55,9.65,5.9
1957,内蒙古,232,11.29,5.05,4.93
1956,内蒙古,283,14.11,5.43,5.06
1955,内蒙古,213,10.25,3.53,3.71
1954,内蒙古,249,12.37,3.65,3.44
1953,内蒙古,211,10.44,2.25,2.88
1952,内蒙古,173,8.64,1.37,2.15
2013,辽宁,61685.9,2321.63,14269.46,10486.56
2012,辽宁,56649,2155.82,13230.49,9460.12
2011,辽宁,50760,1915.57,12152.15,8158.98
2010,辽宁,42355,1631.08,9976.82,6849.37
2009,辽宁,35239,1414.9,7906.34,5891.25
2008,辽宁,31259,1302,7512.11,4647.46
2007,辽宁,25729,1133.4,5853.1,4036.99
2006,辽宁,21788,976.37,4729.5,3545.28
2005,辽宁,18983.2013,882.41,3953.28,3173.32
2004,辽宁,16297,769.8962,3278.8848,2823.8711
2003,辽宁,14257.8147,615.8,2898.89,2487.85
2002,辽宁,12986,590.2,2609.85,2258.17
2001,辽宁,12040.8612,544.44,2440.55,2048.09
2000,辽宁,11226.4006,503.44,2344.4,1821.22
1999,辽宁,10086.2911,520.8,2001.48,1649.41
1998,辽宁,9415,531.46,1855.22,1495.05
1997,辽宁,8525,485.38,1743.87,1260.81
1996,辽宁,7730,474.09,1537.68,1145.92
1995,辽宁,6880,392.2,1390,1011.2
1994,辽宁,6103,318.95,1259.05,883.78
1993,辽宁,5015,260.8,1039.3,710.8
1992,辽宁,3693,194.6,741.9,536.5
1991,辽宁,3027,180.8,590.1,429.2
1990,辽宁,2698,168.6,540.8,353.3
1989,辽宁,2574,141.9,545.1,316.9
1988,辽宁,2285,141.9,492.5,246.6
1987,辽宁,1917,109.5,417,192.6
1986,辽宁,1633,92.8,357.8,154.6
1985,辽宁,1413,74.9,328.1,115.6
1984,辽宁,1203,80.4,268.2,89.6
1983,辽宁,1012,72.2,219.7,72.1
1982,辽宁,884,54.7,199.7,60.7
1981,辽宁,823,49.1,187.5,51.9
1980,辽宁,811,46.1,192.3,42.6
1979,辽宁,717,40.7,166.36,37.9
1978,辽宁,680,32.4,162.9,33.9
1977,辽宁,612,34.33,138.74,30.7
1976,辽宁,619,34.7,140.28,29.01
1975,辽宁,607,36,132.69,29.82
1974,辽宁,572,33.1,123.79,28.25
1973,辽宁,538,31.4,113.6,26.98
1972,辽宁,489,24.5,103.55,25.91
1971,辽宁,478,26.3,97.57,24.73
1970,辽宁,447,28.5,85.31,23.01
1969,辽宁,378,22.1,70.07,21.61
1968,辽宁,295,23.5,45.05,18.34
1967,辽宁,323,22.6,51.65,19.1
1966,辽宁,397,22.6,69.47,20.54
1965,辽宁,372,20.2,62.6,20.35
1964,辽宁,324,18,50.5,18.71
1963,辽宁,293,16.8,42.05,17.23
1962,辽宁,292,15.8,41.02,17.24
1961,辽宁,299,14.8,41.6,19.46
1960,辽宁,625,14.73,119.36,24.05
1959,辽宁,553,18.4,95.21,23.08
1958,辽宁,437,16.2,70.82,18.62
1957,辽宁,335,16,46.62,16.07
1956,辽宁,319,16.6,39.47,15.97
1955,辽宁,272,14.6,32.18,12.59
1954,辽宁,272,14,29.33,13.57
1953,辽宁,266,12.3,26.14,14.41
1952,辽宁,218,12,20,9.38
2013,吉林,47191,1509.34,6858.23,4613.89
2012,吉林,43415,1412.11,6376.77,4150.36
2011,吉林,38460,1277.44,5611.48,3679.91
2010,吉林,31599,1050.15,4506.31,3111.12
2009,吉林,26595,980.57,3541.92,2756.26
2008,吉林,23514,916.7,3064.63,2442.73
2007,吉林,19383,783.8,2475.45,2025.44
2006,吉林,15720,672.76,1915.29,1687.07
2005,吉林,13348,625.61,1580.83,1413.83
2004,吉林,10932,560.96,1379.31,1017.94
2003,吉林,9338,486.9,1143.39,892.33
2002,吉林,8334,446.17,978.37,821.58
2001,吉林,7640.0119,409.1,880.84,742.54
2000,吉林,6847.4027,398.73,800.28,622.18
1999,吉林,6340.8317,423.48,671.74,574.34
1998,吉林,5983,429.5,597.29,530.99
1997,吉林,5504,368.16,575.43,503.32
1996,吉林,5178,376.01,543.17,417.98
1995,吉林,4402,303.99,475.22,358.02
1994,吉林,3657,259.4,398.83,278.55
1993,吉林,2826,156.05,351.03,211.5
1992,吉林,2246,130.82,257.01,170.23
1991,吉林,1878,120.47,203.02,139.98
1990,吉林,1746,124.99,182.15,118.14
1989,吉林,1636,80.53,181.02,130.1
1988,吉林,1559,92.59,173.57,102.51
1987,吉林,1269,80.57,139.36,77.56
1986,吉林,977,64.35,104.3,58.5
1985,吉林,868,55.74,97.21,47.49
1984,吉林,760,60.04,80.46,33.89
1983,吉林,658,56.74,65.38,28.02
1982,吉林,538,38.4,60.36,22.91
1981,吉林,496,34.31,56.53,20.32
1980,吉林,445,27.24,52.24,19.11
1979,吉林,417,25.34,49.22,16.56
1978,吉林,381,23.98,42.96,15.04
1977,吉林,343,19.76,39.2,13.95
1976,吉林,321,16.81,37.47,13.04
1975,吉林,350,21.24,38.49,12.58
1974,吉林,319,22.11,30.88,12.12
1973,吉林,316,21.28,30.27,11.78
1972,吉林,286,15.53,29.26,11.23
1971,吉林,319,19.56,29.86,11.48
1970,吉林,303,18.73,26.57,10.77
1969,吉林,250,14.3,21.12,9.76
1968,吉林,240,17.16,16.16,9.17
1967,吉林,257,17.66,17.48,9.11
1966,吉林,277,16.26,20.96,9.45
1965,吉林,262,13.19,20.68,9.06
1964,吉林,246,11.72,17.95,8.78
1963,吉林,235,11.68,15.67,8.59
1962,吉林,210,9.92,12.89,8.54
1961,吉林,213,10.34,13.22,8.33
1960,吉林,289,8.26,24.64,8.93
1959,吉林,280,9.91,19.67,7.57
1958,吉林,243,9.3,15,6.88
1957,吉林,202,8.81,10.08,6.33
1956,吉林,200,10.56,8.2,5.82
1955,吉林,177,9.87,6.48,4.78
1954,吉林,176,9.1,6.96,4.37
1953,吉林,166,8.94,6,4.03
1952,吉林,153,9.19,4.54,2.82
2013,黑龙江,37509.27,2516.79,5918.22,5947.92
2012,黑龙江,35711,2113.66,6037.61,5540.31
2011,黑龙江,32819,1701.5,6330.53,4549.97
2010,黑龙江,27076,1302.9,5204.11,3861.59
2009,黑龙江,22447,1154.33,4060.72,3371.95
2008,黑龙江,21727,1089.1,4365.9,2855
2007,黑龙江,18478,915.38,3695.58,2454.04
2006,黑龙江,16195,737.59,3365.31,2086
2005,黑龙江,14434.0561,684.6,2971.68,1855.22
2004,黑龙江,13897,587.7563,3155.3325,1559.9154
2003,黑龙江,11615.1,500.8,2532.45,1396.75
2002,黑龙江,10184,447,2169.15,1266.01
2001,黑龙江,9348.9105,409.3,1998.74,1152.96
2000,黑龙江,8561.6528,357,1868.55,1027.45
1999,黑龙江,7660.0397,377.23,1587.76,932.42
1998,黑龙江,7375,463.05,1506.76,863.03
1997,黑龙江,7243,484.81,1449.25,774.4
1996,黑龙江,6382,465.82,1280.95,655.81
1995,黑龙江,5402,371.2,1048.6,571.6
1994,黑龙江,4390,316.32,852.97,449.34
1993,黑龙江,3306,198.41,649.7,350.24
1992,黑龙江,2672,167,493.1,299.6
1991,黑龙江,2310,148.3,413.3,260.7
1990,黑龙江,2028,160.3,362.7,192.2
1989,黑龙江,1808,93.9,345.5,191.2
1988,黑龙江,1602,94.25,295.7,162.05
1987,黑龙江,1335,90.7,261.6,102.3
1986,黑龙江,1189,92.7,212.6,95.5
1985,黑龙江,1062,77.05,205.1,72.85
1984,黑龙江,959,86,175,57.3
1983,黑龙江,841,78.9,150.7,47.3
1982,黑龙江,762,63.75,140.77,43.9
1981,黑龙江,709,57.8,132.4,38.1
1980,黑龙江,694,55.27,131.09,34.68
1979,黑龙江,594,44.3,113.9,29
1978,黑龙江,564,41,106.61,27.2
1977,黑龙江,511,37.95,92.05,25.67
1976,黑龙江,482,33.92,84.98,25.25
1975,黑龙江,484,33.41,81.59,26.52
1974,黑龙江,460,32.58,73.59,25.26
1973,黑龙江,446,30.1,69.28,24.09
1972,黑龙江,433,27.52,64.56,23.62
1971,黑龙江,449,25.93,66.67,22.99
1970,黑龙江,448,25.56,64.02,21.63
1969,黑龙江,422,24.43,55.88,20.66
1968,黑龙江,386,25.19,44.48,19.22
1967,黑龙江,409,25.98,45.07,19.86
1966,黑龙江,426,23.29,48.55,20.22
1965,黑龙江,377,19.63,40.13,19.1
1964,黑龙江,339,16.81,33.01,18.34
1963,黑龙江,320,17.85,28.13,15.84
1962,黑龙江,288,14.52,23.1,17
1961,黑龙江,292,10.88,25.45,17.84
1960,黑龙江,461,11.72,48.08,20.65
1959,黑龙江,453,17.44,38.1,17.96
1958,黑龙江,405,18.21,29.72,13.71
1957,黑龙江,307,17.16,14.95,12.31
1956,黑龙江,308,17.95,13.19,11.05
1955,黑龙江,297,16.61,12.13,9.44
1954,黑龙江,300,14.99,13.14,8.53
1953,黑龙江,278,12.92,10.72,8.35
1952,黑龙江,238,11.92,7.84,6.24
2013,上海,90092,129.28,8027.77,13445.07
2012,上海,85373,127.8,7854.77,12199.15
2011,上海,82560,124.94,7927.89,11142.86
2010,上海,76074,114.15,7218.32,9833.51
2009,上海,78989,113.82,6001.78,8930.85
2008,上海,73124,111.8,6235.92,7350.43
2007,上海,66367,101.84,5678.51,6408.5
2006,上海,57695,93.8,5028.37,5244.2
2005,上海,51474,80.34,4452.92,4620.92
2004,上海,55307,96.71,3788.22,3565.34
2003,上海,46718,90.64,3130.72,3029.45
2002,上海,40646,88.24,2564.69,2755.83
2001,上海,37382,85.5,2355.53,2509.81
2000,上海,34546.9796,83.2,2163.68,2304.27
1999,上海,30804.7486,80,1953.98,2000.98
1998,上海,24513,78.5,1847.2,1762.5
1997,上海,25750,75.8,1754.39,1530.02
1996,上海,19779,71.58,1582.5,1248.12
1995,上海,17022,59.82,1419.41,1020.2
1994,上海,13807,48.59,1143.24,780.09
1993,上海,10729,37.82,902.38,579.03
1992,上海,8650,34.16,677.39,402.77
1991,上海,6954,34.06,550.64,309.07
1990,上海,6107,34.24,505.6,241.82
1989,上海,5487,29.63,466.18,200.73
1988,上海,5162,27.36,433.05,187.89
1987,上海,4396,21.6,364.38,159.48
1986,上海,4008,19.69,336.02,135.12
1985,上海,3855,19.53,325.63,121.59
1984,上海,3259,17.26,275.37,98.22
1983,上海,2963,13.52,255.32,82.97
1982,上海,2877,13.31,249.32,74.44
1981,上海,2813,10.58,244.34,69.84
1980,上海,2737,10.1,236.1,65.69
1979,上海,2568,11.39,221.21,53.83
1978,上海,2497,11,211.05,50.76
1977,上海,2125,7.98,176.98,45.4
1976,上海,1929,8.79,158.89,40.44
1975,上海,1898,8.22,157.54,38.36
1974,上海,1805,9.45,147.86,36.14
1973,上海,1737,8.97,142.39,33.99
1972,上海,1605,8.54,132.82,29.62
1971,上海,1541,7.57,128.23,29.06
1970,上海,1446,7.42,120.82,28.43
1969,上海,1292,7.91,106.08,28.31
1968,上海,1113,8.31,89.2,25.73
1967,上海,999,7.2,79.51,23.33
1966,上海,1140,6.8,92.27,25.74
1965,上海,1042,6.5,82.92,24.13
1964,上海,933,6.24,72.17,22.29
1963,上海,851,4.54,65.72,20.43
1962,上海,803,4.51,58.8,21.41
1961,上海,966,4.43,71.06,26.29
1960,上海,1521,4.23,123.36,30.8
1959,上海,1268,4.29,94.82,29.38
1958,上海,952,3.57,64.66,27.38
1957,上海,713,2.7,40.83,26.07
1956,上海,681,2.38,35.25,25.98
1955,上海,569,2.71,29.39,21.54
1954,上海,589,2.26,29.67,22.77
1953,上海,590,2.51,28.75,20.45
1952,上海,,2.17,19.22,15.27
2013,江苏,74607,3646.08,29094.03,26421.64
2012,江苏,68347,3418.29,27121.95,23517.98
2011,江苏,62290,3064.77,25203.28,20842.21
2010,江苏,52840,2540.1,21753.93,17131.45
2009,江苏,44744,2261.86,18566.37,13629.07
2008,江苏,39622,2100,16663.81,11548.8
2007,江苏,33928,1816.24,14306.4,9618.52
2006,江苏,28814,1545.01,12250.84,7849.23
2005,江苏,24560,1461.49,10355.03,6489.14
2004,江苏,20705,1315.38,8716.1069,5371.6777
2003,江苏,16809,1106.35,6787.11,4567.37
2002,江苏,14391,1119.12,5550.98,3961.65
2001,江苏,12922,1082.43,4907.46,3522.02
2000,江苏,11772.9659,1031.17,4435.889,3115.6686
1999,江苏,10665.0503,1003.51,3920.15,2774.16
1998,江苏,10049,1016.27,3640.1,2543.58
1997,江苏,9344,1008.41,3411.86,2260.07
1996,江苏,8471,965.29,3074.12,1964.8
1995,江苏,7319,866.24,2715.26,1573.75
1994,江苏,5801,671.94,2186.77,1198.68
1993,江苏,4321,490.59,1598.05,909.52
1992,江苏,3106,393.82,1119.26,622.94
1991,江苏,2353,345.14,793.92,462.32
1990,江苏,2109,355.17,692.59,368.74
1989,江苏,2038,324.18,657.06,340.61
1988,江苏,1891,319.18,586.82,302.85
1987,江苏,1462,246.86,493.69,181.78
1986,江苏,1193,224.26,376.32,144.36
1985,江苏,1053,195.66,339.56,116.6
1984,江苏,843,179,250.39,89.46
1983,江苏,716,150.41,210.81,76.43
1982,江苏,645,135.15,185.52,69.5
1981,江苏,586,109.39,178.01,62.62
1980,江苏,541,94.24,167.41,58.15
1979,江苏,509,104.04,141.14,53.37
1978,江苏,430,68.71,131.09,49.44
1977,江苏,353,53.22,105.35,43.83
1976,江苏,332,62.38,85.04,40.55
1975,江苏,329,67.59,79.61,36.96
1974,江苏,311,65.5,69.45,36.99
1973,江苏,312,64.74,69.28,36.91
1972,江苏,291,60.2,61.74,35.37
1971,江苏,279,57.24,56.43,34.37
1970,江苏,249,51.03,46.16,32.04
1969,江苏,221,47.22,35.42,29.11
1968,江苏,209,47.04,29.45,26.35
1967,江苏,206,44.13,29.53,25.54
1966,江苏,235,47.53,35.51,26.85
1965,江苏,208,41.2,30.26,23.64
1964,江苏,200,42.5,24.01,23.04
1963,江苏,172,35.27,18.14,22.11
1962,江苏,161,29.1,17.34,22.76
1961,江苏,170,25.78,22.89,23.53
1960,江苏,203,25.68,35.96,25.16
1959,江苏,186,25.79,27.57,26.26
1958,江苏,178,29.05,23.17,23.08
1957,江苏,157,29.94,14.4,20.77
1956,江苏,153,27.76,13.79,20.35
1955,江苏,150,29.69,11.29,17.98
1954,江苏,140,25.81,10.98,16.98
1953,江苏,141,25.86,10.26,17.3
1952,江苏,131,25.49,8.53,14.39
2013,浙江,68462,1784.62,18446.65,17337.22
2012,浙江,63374,1667.88,17316.32,15681.13
2011,浙江,59249,1583.04,16555.58,14180.23
2010,浙江,51711,1360.56,14297.93,12063.82
2009,浙江,44641,1163.08,11908.49,9918.78
2008,浙江,42214,1095.43,11580.33,8811.17
2007,浙江,37411,986.02,10148.45,7645.96
2006,浙江,31874,925.1,8509.57,6307.85
2005,浙江,27702.6847,892.83,7166.15,5378.87
2004,浙江,23942,816,6045,4382
2003,浙江,20147,728,4941,3726
2002,浙江,16838,694,3982,3120
2001,浙江,14655,695.15,3459.75,2593.25
2000,浙江,13460.9329,664.16,3183.47,2188.71
1999,浙江,12036.5659,631.94,2902.81,1830.14
1998,浙江,11394,631.31,2709.08,1647.11
1997,浙江,10515,637.48,2509.56,1491.2
1996,浙江,9552,609.18,2200.19,1336.69
1995,浙江,8149,549.96,1854.52,1153.07
1994,浙江,6201,443.87,1388.06,834.93
1993,浙江,4469,315.97,983.96,625.99
1992,浙江,3212,262.67,653.43,459.6
1991,浙江,2558,245.22,494.11,350
1990,浙江,2138,225.04,408.18,271.47
1989,浙江,2023,210.95,386.25,252.24
1988,浙江,1853,195.68,354.39,220.18
1987,浙江,1478,159.41,281.47,166.11
1986,浙江,1237,136.29,230.89,135.29
1985,浙江,1067,123.88,198.91,106.37
1984,浙江,810,104.4,141.48,77.37
1983,浙江,650,82.89,113.12,61.08
1982,浙江,599,84.88,98.44,50.69
1981,浙江,531,69.06,94.68,41.12
1980,浙江,471,64.61,84.07,31.24
1979,浙江,417,67.56,64.07,26.12
1978,浙江,331,47.09,53.52,23.11
1977,浙江,271,39.18,41.52,19.3
1976,浙江,240,39.57,30.72,16.98
1975,浙江,235,39.2,28.63,16.4
1974,浙江,245,42.1,28.34,16.13
1973,浙江,250,39.22,31.89,15.88
1972,浙江,247,39.78,29.22,15.39
1971,浙江,210,31.98,23.49,14.96
1970,浙江,211,32.28,22.42,14.47
1969,浙江,195,30.27,18.84,13.59
1968,浙江,175,28.57,13.78,12.59
1967,浙江,184,27.55,15.69,13.11
1966,浙江,195,28.01,17.01,13.26
1965,浙江,191,25.97,16.93,12.77
1964,浙江,182,24.92,14.68,12.15
1963,浙江,169,23.37,12.26,10.97
1962,浙江,163,20.24,11.76,11.35
1961,浙江,154,16.95,12.27,11.34
1960,浙江,181,15.94,18.12,13.19
1959,浙江,183,17.8,16.89,12.66
1958,浙江,173,18.27,14.37,11.11
1957,浙江,151,19.29,7.93,10.05
1956,浙江,139,18.91,5.6,9.03
1955,浙江,130,18.78,3.88,7.87
1954,浙江,125,17.76,4.13,6.76
1953,浙江,122,16.55,3.86,6.83
1952,浙江,12,16.28,2.78,5.47
2013,安徽,31684,2348.09,10403.96,6286.82
2012,安徽,28792,2178.73,9404.84,5628.48
2011,安徽,25659,2015.31,8309.38,4975.95
2010,安徽,20888,1729.02,6436.62,4193.68
2009,安徽,16408,1495.45,4905.22,3662.15
2008,安徽,14485,1418.08,4137.35,3318.74
2007,安徽,12045,1200.18,3289.12,2874.88
2006,安徽,10055,1028.66,2648.13,2471.94
2005,安徽,8675.1448,966.49,2221.17,2187.46
2004,安徽,7768,932.42,2169.82,1710.44
2003,安徽,6455,732.81,1780.6,1458.97
2002,安徽,5817,772.55,1552.21,1244.34
2001,安徽,5220.7712,750.07,1415.32,1124.74
2000,安徽,4867.4077,732.19,1296.312,1009.7339
1999,安徽,4707.2224,741.1427,1278.91,888.54
1998,安徽,4235,739.7,1253.53,812.22
1997,安徽,4390,732.37,1260.9,676.68
1996,安徽,3524,665.44,1097.37,576.44
1995,安徽,3070,584.12,660.09,566.45
1994,安徽,2257,336.72,744.16,407.59
1993,安徽,1785,286,444.97,306.17
1992,安徽,1390,230.5,333,237.7
1991,安徽,1164,190.5,280.3,192.8
1990,安徽,1182,246.1,251.5,160.4
1989,安徽,1136,225.39,227.85,163.01
1988,安徽,1026,210.53,200.95,135.46
1987,安徽,842,176.35,157.74,108.26
1986,安徽,738,155.91,137.57,89.28
1985,安徽,646,140.97,117.84,72.43
1984,安徽,523,116.26,92.83,56.65
1983,安徽,428,96.55,73.2,45.93
1982,安徽,375,89.97,59.66,37.39
1981,安徽,346,88.44,52.48,29.59
1980,安徽,291,64.68,50.06,26.14
1979,安徽,268,61.16,44.76,21.39
1978,安徽,244,53.77,40.51,19.68
1977,安徽,235,52.88,34.64,20.49
1976,安徽,234,55.27,31.39,19.11
1975,安徽,218,50.03,29.11,17.87
1974,安徽,210,50.31,25.85,15.28
1973,安徽,216,49,28.33,14.85
1972,安徽,208,45.98,25.97,13.93
1971,安徽,200,42.56,24.81,12.62
1970,安徽,186,40.08,20.52,11.19
1969,安徽,157,32.39,15.7,10
1968,安徽,157,35.17,11.28,9.64
1967,安徽,164,34.21,12.11,10.56
1966,安徽,179,32.13,17.08,10.61
1965,安徽,163,28.09,14.56,10.1
1964,安徽,140,23.64,11.32,10.01
1963,安徽,128,22.79,8.68,9.34
1962,安徽,129,22.68,7.91,8.88
1961,安徽,145,22.96,11.15,9.54
1960,安徽,185,25.6,23,11.16
1959,安徽,170,27.45,19.71,10.81
1958,安徽,152,29.41,13.55,8.35
1957,安徽,126,28.06,6.38,6.93
1956,安徽,109,24.69,4.55,6.03
1955,安徽,117,28.24,3.71,5.2
1954,安徽,89,20.01,3.03,4.72
1953,安徽,89,19.94,2.9,4.15
1952,安徽,78,17.18,2.27,3.43
2013,福建,57856,1936.31,11315.3,8508.03
2012,福建,52763,1776.71,10187.94,7737.13
2011,福建,47377,1612.24,9069.2,6878.74
2010,福建,40025,1363.67,7522.83,5850.62
2009,福建,33840,1182.74,6005.3,5048.49
2008,福建,30123,1157.75,5415.77,4249.59
2007,福建,25908,1002.11,4549.42,3697.6
2006,福建,21471,896.17,3743.71,2974.67
2005,福建,18645.8416,841.2,3200.26,2527.47
2004,福建,17218,777.87,2950.33,2324.94
2003,福建,14979,692.94,2492.73,2046.5
2002,福建,13497,664.78,2159.94,1857.29
2001,福建,12362,651.11,1904.21,1698.36
2000,福建,11601.2726,640.57,1711.16,1568.34
1999,福建,10796.8773,628.86,1507.29,1414.09
1998,福建,9603,610.04,1444.73,1275.41
1997,福建,9258,576.63,1293.5,1130.23
1996,福建,7646,560.47,1089.57,956.88
1995,福建,6526,464.82,882.34,747.74
1994,福建,5193,372.58,739.52,573.24
1993,福建,3556,254.36,455.79,404.05
1992,福建,2557,194.87,291.6,298.21
1991,福建,2041,168.64,217.74,233.49
1990,福建,1763,147.01,174.47,200.8
1989,福建,1589,135.77,163.82,158.81
1988,福建,1349,118.16,141.82,123.23
1987,福建,999,89.24,101.28,88.72
1986,福建,809,72.24,82.19,68.11
1985,福建,737,68.13,72.56,59.79
1984,福建,591,55.72,56.39,44.95
1983,福建,487,47.27,46.05,34.44
1982,福建,457,44.24,42.92,30.65
1981,福建,416,39.3,39.75,26.57
1980,福建,348,31.95,35.68,19.43
1979,福建,300,27.97,31.37,14.77
1978,福建,273,23.93,28.19,14.25
1977,福建,220,21.31,19.8,11.3
1976,福建,201,18.87,17.37,10.68
1975,福建,203,19.43,17.81,9.24
1974,福建,202,19.34,16.66,9.16
1973,福建,200,18.56,16.12,8.96
1972,福建,208,20.23,14.74,9.53
1971,福建,198,18.43,12.85,9.75
1970,福建,173,15.34,10.64,8.72
1969,福建,160,14.64,8.71,7.77
1968,福建,138,13.3,5.86,6.9
1967,福建,159,13.82,8.04,7.39
1966,福建,180,15.16,9.62,7.35
1965,福建,166,13.48,8.31,7.02
1964,福建,153,11.88,6.92,7.15
1963,福建,142,11.42,5.38,6.8
1962,福建,137,10.26,5.12,6.74
1961,福建,147,9.83,6.41,7.01
1960,福建,190,9.14,12.01,8.43
1959,福建,192,11.07,10.14,8.01
1958,福建,166,11.22,7.23,5.94
1957,福建,154,12.31,5.2,4.52
1956,福建,150,11.29,5.68,3.84
1955,福建,122,9.62,3.49,3.34
1954,福建,113,8.82,3.17,2.87
1953,福建,112,8.89,3.16,2.33
1952,福建,102,8.39,2.42,1.92
2013,江西,31771,1636.49,7671.38,5030.63
2012,江西,28800,1520.23,6942.59,4486.06
2011,江西,26150,1391.07,6390.55,3921.2
2010,江西,21253,1206.98,5122.88,3121.4
2009,江西,17335,1098.66,3919.45,2637.07
2008,江西,14781,1060.38,3414.88,2005.07
2007,江西,12633,905.77,2840.92,1753.56
2006,江西,10798,786.14,2320.74,1563.65
2005,江西,9440,727.37,1917.47,1411.92
2004,江西,8189,711.7,1595.74,1188.5
2003,江西,6678,560,1227.38,1043.08
2002,江西,5829,535.98,951.77,962.73
2001,江西,5221,506,788.12,881.56
2000,江西,4851.2583,485.14,700.76,817.17
1999,江西,4661.3451,464.4,758.15,740.431
1998,江西,4124,450.44,740.33,661.21
1997,江西,4155,475.18,658.25,581.75
1996,江西,3452,440,588.82,488.44
1995,江西,2896,374.64,403.74,391.35
1994,江西,2376,314.35,338.23,295.58
1993,江西,1835,225.58,282.46,215
1992,江西,1472,200.81,199.4,172.34
1991,江西,1249,183.27,154.77,141.33
1990,江西,1134,175.96,133.56,119.1
1989,江西,1013,133.19,131.23,112.04
1988,江西,891,119.18,117.38,89.27
1987,江西,729,104.63,92.44,65.83
1986,江西,652,90.27,83.6,56.95
1985,江西,597,84.06,76.05,47.78
1984,江西,497,71.89,61.31,35.91
1983,江西,428,63.98,49.2,30.95
1982,江西,403,63.91,42.64,27.41
1981,江西,369,56.09,41.1,24.07
1980,江西,342,48.31,41,21.84
1979,江西,325,48.7,36.41,19.04
1978,江西,276,36.18,33.08,17.74
1977,江西,243,34.23,24.2,16.35
1976,江西,214,32.09,17.98,14.27
1975,江西,233,33.4,19.88,14.84
1974,江西,227,32.4,18.37,13.96
1973,江西,242,31.13,22.36,13.35
1972,江西,248,31.99,20.38,14.24
1971,江西,238,29.14,18.83,14.27
1970,江西,229,30.03,17.15,11.19
1969,江西,211,26.56,14.03,11.33
1968,江西,193,25.98,10.67,9.3
1967,江西,192,25.17,9.93,9.36
1966,江西,215,27.14,11.26,10
1965,江西,197,24.16,10.22,8.6
1964,江西,166,19.56,7.92,7.72
1963,江西,158,18.66,7.01,7.02
1962,江西,163,18.7,6.53,7.83
1961,江西,176,18,7.71,9.79
1960,江西,185,14.81,9.46,12.56
1959,江西,178,15.35,7.9,11.38
1958,江西,166,15.82,6.73,8.66
1957,江西,152,15.45,5.13,7.15
1956,江西,124,12.35,4.23,5.46
1955,江西,125,13.02,3.45,5.39
1954,江西,121,12.22,3.19,5.25
1953,江西,118,12.26,2.89,4.56
1952,江西,114,12.38,2.47,4.01
2013,山东,56322.585,4742.63,27422.47,22519.23
2012,山东,51768,4281.7,25735.73,19995.81
2011,山东,47335,3973.85,24017.11,17370.89
2010,山东,41106,3588.28,21238.49,14343.14
2009,山东,35894,3226.64,18901.83,11768.18
2008,山东,33083,3002.65,17702.17,10367.23
2007,山东,27807,2509.14,14776.53,8680.24
2006,山东,23794,2138.9,12751.2,7187.26
2005,山东,20096.4547,1963.51,10628.62,5924.74
2004,山东,16925,1778.3,8724.52,4987.91
2003,山东,13661,1480.67,6656.85,4298.41
2002,山东,11645,1390,5309.54,3852.52
2001,山东,10465,1359.49,4654.51,3424.31
2000,山东,9555.2379,1268.57,4244.4,3029.47
1999,山东,8673.47,1221,3705.44,2735.66
1998,山东,7968,1215.81,3457.03,2489.36
1997,山东,7590,1195,3185.05,2269.97
1996,山东,6746,1200.17,2810.72,1949.53
1995,山东,5701,1010.13,2355.78,1587.44
1994,山东,4441,775.03,1900.46,1196.69
1993,山东,3212,596.63,1355.71,818.03
1992,山东,2556,534.62,999.11,662.8
1991,山东,2122,521.85,745.9,542.79
1990,山东,1815,425.29,635.98,449.92
1989,山东,1595,359.14,579.65,355.15
1988,山东,1395,331.94,497.1,288.62
1987,山东,1131,287.31,384.57,220.41
1986,山东,956,252.73,313.21,176.11
1985,山东,887,235.96,293.07,151.43
1984,山东,765,222.13,239.27,120.16
1983,山东,611,185.57,178.75,95.51
1982,山东,531,154.07,166.05,75.26
1981,山东,472,132.21,155.41,58.95
1980,山东,402,106.43,146.11,39.59
1979,山东,350,91.12,127.68,32.8
1978,山东,316,75.06,119.35,31.04
1977,山东,293,79.01,95.34,32.72
1976,山东,242,68.88,84.7,26
1975,山东,240,65.54,75.31,25.34
1974,山东,191,59.19,47.44,24.18
1973,山东,229,61.92,65.99,26.42
1972,山东,221,59.11,63.22,24.19
1971,山东,215,56.33,61.5,21.86
1970,山东,199,52.23,53.71,20.37
1969,山东,175,50.16,39.56,18.45
1968,山东,165,44.46,37.43,17.45
1967,山东,168,46.71,35.43,17.3
1966,山东,169,46.99,34.44,16.15
1965,山东,152,42.24,28.96,15.05
1964,山东,128,33.05,23.43,15.18
1963,山东,123,33.47,19.09,15.05
1962,山东,120,30.42,16.91,17.05
1961,山东,121,26.44,20.19,16.77
1960,山东,135,20.61,31.07,19.69
1959,山东,141,28.73,27.86,19.37
1958,山东,135,33.94,23.73,15.3
1957,山东,116,31.95,17.59,11.85
1956,山东,121,35.67,16.34,11.12
1955,山东,113,35.52,11.42,10.84
1954,山东,106,32.48,10.98,9.52
1953,山东,94,28.23,9.3,8.26
1952,山东,91,28.55,7.87,6.99
2013,河南,34174,4058.98,17806.39,10290.49
2012,河南,31499,3769.54,16672.2,9157.57
2011,河南,28661,3512.24,15427.08,7991.72
2010,河南,24446,3258.09,13226.38,6607.89
2009,河南,20597,2769.05,11010.5,5700.91
2008,河南,19593,2658.8,10477.92,5271.06
2007,河南,16012,2217.66,8282.83,4511.97
2006,河南,13313,2049.92,6724.61,3721.44
2005,河南,11346.498,1892.01,5514.14,3181.27
2004,河南,9470,1647.48,4515.35,2652.26
2003,河南,7570.1751,1239.7,3551.94,2256.95
2002,河南,6436,1288.36,2951.06,1929.31
2001,河南,5923.552,1234.34,2659.04,1746.73
2000,河南,5443.8781,1161.58,2413.78,1562.3
1999,河南,4893.7012,1123.14,2070.88,1382.08
1998,河南,4643,1071.39,2012.74,1272.47
1997,河南,4430,1008.55,1920.05,1150.66
1996,河南,3978,959.87,1718.98,1004.56
1995,河南,3297,762.99,1394.98,830.4
1994,河南,2467,546.68,1071.74,606.01
1993,河南,1865,410.45,764.2,485.53
1992,河南,1452,353.92,545.21,380.62
1991,河南,1201,334.61,388.09,323.03
1990,河南,1091,325.77,331.85,277.03
1989,河南,1012,289.95,317.13,243.63
1988,河南,910,240.72,299.83,208.54
1987,河南,756,220.22,230.25,159.13
1986,河南,635,179.02,202.15,121.74
1985,河南,580,173.43,170.07,108.24
1984,河南,482,155.28,136.29,78.47
1983,河南,433,143.49,116.36,68.1
1982,河南,353,108.18,102.76,52.36
1981,河南,340,106.04,95.79,47.86
1980,河南,317,93.23,94.44,41.49
1979,河南,267,77.3,80.52,32.27
1978,河南,232,64.86,69.45,28.61
1977,河南,208.7,55.91,62.51,25.69
1976,河南,184.5,59.98,42.39,23.15
1975,河南,190.6,55.71,50.34,21.72
1974,河南,182.2,53.97,44.94,21.01
1973,河南,182,53.77,43.1,20.18
1972,河南,177.7,49.05,43.09,19.27
1971,河南,171.5,47.53,39.72,17.55
1970,河南,163.5,44.49,36.06,16.64
1969,河南,140.4,39.8,25.78,15.3
1968,河南,129.2,38.4,19.53,14.26
1967,河南,144.2,41.13,22.82,14.59
1966,河南,143.8,35.07,26.64,14.68
1965,河南,121.8,29.58,19.1,14.28
1964,河南,101.4,22.4,15.56,13.44
1963,河南,85.4,15.11,15.15,12.19
1962,河南,88.3,17,14.05,11.97
1961,河南,96.2,14.61,19.36,12.32
1960,河南,135.1,20.08,33.74,12.33
1959,河南,129.1,22.92,30.32,10.79
1958,河南,124.2,25.64,24.24,10.88
1957,河南,109.8,24.27,18.08,10.2
1956,河南,102.5,27.05,12.07,9
1955,河南,101,28.14,11.12,7.27
1954,河南,98,26.45,10.88,6.69
1953,河南,93.9,25.08,10.16,6.06
1952,河南,82.8,22.46,8.23,5.4
2013,湖北,42612.7,3098.16,12171.56,9398.77
2012,湖北,38572,2848.77,11193.1,8208.58
2011,湖北,34197,2569.3,9815.94,7247.02
2010,湖北,27906,2147,7767.24,6053.37
2009,湖北,22677,1795.9,6038.08,5127.12
2008,湖北,19860,1780,4963.61,4586.77
2007,湖北,16206,1378,3966.68,3886
2006,湖北,13296,1140.41,3365.08,3075.83
2005,湖北,11431,1082.13,2810.01,2628
2004,湖北,10500,1020.09,2994.67,2295.16
2003,湖北,9010.7,798.35,2580.58,2022.78
2002,湖北,8319,707,2446.05,1822.58
2001,湖北,7813.07,692.17,2313.66,1656.45
2000,湖北,7188.2764,662.3,2123.7,1490.32
1999,湖北,6513.9701,653.99,1887.93,1316.07
1998,湖北,5287,748.22,1752.91,1203.08
1997,湖北,5899,767.92,1606.98,1075.34
1996,湖北,4311,716.34,1344.36,909.5
1995,湖北,3671,619.77,780.18,709.43
1994,湖北,2991,501.44,812.56,564.65
1993,湖北,2361,346.39,537.6,441.84
1992,湖北,1962,303,444.61,340.78
1991,湖北,1668,279.3,359.86,274.22
1990,湖北,1541,289.45,313.39,221.54
1989,湖北,1373,239.07,300.45,177.55
1988,湖北,1216,214.66,271.25,140.61
1987,湖北,1018,183.99,224.53,109.25
1986,湖北,882,163.61,187.96,90.47
1985,湖北,801,144.44,174.35,77.47
1984,湖北,671,126.36,136.5,65.36
1983,湖北,543,105.4,106.5,50.68
1982,湖北,506,101.73,94.97,44.85
1981,湖北,466,87,92.85,39.9
1980,湖北,428,71.22,91.67,36.49
1979,湖北,409,85.15,73.03,30.28
1978,湖北,332,61.11,63.71,26.18
1977,湖北,292,57.52,49.35,24.24
1976,湖北,258,57.87,34.48,22.29
1975,湖北,274,53.71,45.48,20.91
1974,湖北,248,56.8,32.05,18.49
1973,湖北,266,52.55,43.06,17.68
1972,湖北,246,47.45,38.37,17.02
1971,湖北,245,45.41,36.89,17.82
1970,湖北,222,44.41,26.9,16.84
1969,湖北,197,39.52,21.45,15.12
1968,湖北,195,42.86,16.59,13.67
1967,湖北,216,43.65,20.88,14.39
1966,湖北,236,45.77,24.58,13.6
1965,湖北,209,37.74,21.16,13.53
1964,湖北,182,32.22,16.94,12.27
1963,湖北,170,32.25,12.28,11.77
1962,湖北,161,29.3,10.63,12.2
1961,湖北,154,25.86,10.2,12.85
1960,湖北,201,23.6,23.62,16.39
1959,湖北,203,24.77,22.59,16.86
1958,湖北,198,26.8,19.69,15.01
1957,湖北,162,24.33,11.59,12.94
1956,湖北,152,22.29,10.24,12.07
1955,湖北,118,18.14,7.45,8.46
1954,湖北,90,12.97,5.97,6.57
1953,湖北,109,16.41,5.33,8.49
1952,湖北,90,13.9,3.83,6.78
2013,湖南,36763,3099.23,11517.35,9885.09
2012,湖南,33480,3004.21,10506.42,8643.6
2011,湖南,29880,2768.03,9361.99,7539.54
2010,湖南,24719,2325.5,7343.19,6369.27
2009,湖南,20428,1969.69,5687.19,5402.81
2008,湖南,17521,2007.4,4933.08,4216.16
2007,湖南,14492,1626.52,3916.44,3657.04
2006,湖南,11950,1332.23,3151.7,3084.96
2005,湖南,10426,1274.15,2596.71,2640.48
2004,湖南,9117,1155.85,2214.41,2242
2003,湖南,7554,886.47,1794.21,1958.05
2002,湖南,6565,847.25,1737.2,1756.49
2001,湖南,6054,825.73,1573,1584.27
2000,湖南,5639.0149,784.92,1461.86,1445.1
1999,湖南,5104.7261,778.25,1297.74,1250.76
1998,湖南,4667,828.31,1294.17,1088.92
1997,湖南,4643,855.75,1166.97,970.28
1996,湖南,3963,793.98,1008.43,844.75
1995,湖南,3359,685.3,770.67,676.16
1994,湖南,2630,532.89,618.07,543.46
1993,湖南,1997,383.68,470.05,390.98
1992,湖南,1595,323.91,341.73,321.34
1991,湖南,1357,301.02,285.29,246.99
1990,湖南,1228,279.09,252.49,212.86
1989,湖南,1074,234.31,240.18,166.31
1988,湖南,999,217.03,222.73,144.31
1987,湖南,818,187.09,173.45,108.9
1986,湖南,703,165.28,144.02,88.38
1985,湖南,626,147.72,127.52,74.71
1984,湖南,519,128.28,104.62,54.39
1983,湖南,470,117.79,93.57,46.07
1982,湖南,430,107.99,82.66,41.87
1981,湖南,394,93.29,77.86,38.53
1980,湖南,365,81.14,77.03,33.55
1979,湖南,343,79.4,68.44,30.17
1978,湖南,286,59.83,59.82,27.34
1977,湖南,254,55.95,49.59,23.63
1976,湖南,236,55.07,41.47,21.99
1975,湖南,239,54.97,41.96,21.47
1974,湖南,223,53.17,34.87,20.13
1973,湖南,244,51.91,43.35,20.54
1972,湖南,230,47.73,39.91,19.37
1971,湖南,218,46.31,35.33,17.46
1970,湖南,211,44.62,31.98,16.45
1969,湖南,189,44.08,21.98,15.2
1968,湖南,181,44.85,17.31,13.51
1967,湖南,181,40.07,19.89,13.55
1966,湖南,184,37.3,22.16,13.27
1965,湖南,170,34,19.17,12.15
1964,湖南,153,30.41,15.6,11.35
1963,湖南,131,25.11,11.37,11.6
1962,湖南,144,27.17,10.59,13.43
1961,湖南,132,20.78,11.69,14.17
1960,湖南,176,20.58,25.47,18.02
1959,湖南,168,23.6,21.57,16.78
1958,湖南,154,26.65,16.63,12.57
1957,湖南,127,26.41,7.45,11.34
1956,湖南,109,20.56,6.57,10.8
1955,湖南,104,21.13,5.76,8.94
1954,湖南,90,17.03,5.13,8.35
1953,湖南,91,18.48,4.28,7.53
1952,湖南,86,18.72,3.43,5.66
2013,广东,58540,3047.51,29427.49,29688.97
2012,广东,54095,2847.26,27700.97,26519.69
2011,广东,50807,2665.2,26447.38,24097.7
2010,广东,44736,2286.98,23014.53,20711.55
2009,广东,41166,2010.27,19419.7,18052.59
2008,广东,37589,1970.23,18402.64,15323.59
2007,广东,33151,1695.57,15939.1,13449.73
2006,广东,28332,1577.12,13431.82,11195.53
2005,广东,24435.0156,1428.27,11339.93,9598.34
2004,广东,19707,1245.42,8890.29,5903.75
2003,广东,17213.0699,1093.5191,7307.08,5225.267
2002,广东,15030,1032.8,5935.63,4801.3
2001,广东,13729.9286,1004.35,5341.6086,4301.7521
2000,广东,12885.3958,1000.06,4868.75,3793.42
1999,广东,11728.2943,1021.3,4264.32,3178.69
1998,广东,10819,1004.92,3991.97,2922.23
1997,广东,10428,986.82,3647.82,2680.87
1996,广东,9139,941.73,3269.35,2308.06
1995,广东,8129,864.49,2900.22,2168.34
1994,广东,6530,694.65,2139.89,1406.02
1993,广东,5085,558.7,1704.88,1205.7
1992,广东,3699,465.83,1100.32,881.39
1991,广东,2941,416,782.67,694.63
1990,广东,2484,384.59,615.86,558.58
1989,广东,2251,351.73,554.13,475.53
1988,广东,1926,306.5,460.17,388.7
1987,广东,1443,232.14,330.35,284.2
1986,广东,1164,188.37,255.88,223.28
1985,广东,1026,171.87,229.82,175.69
1984,广东,827,145.25,187.55,125.93
1983,广东,675,121.24,152.27,95.24
1982,广东,633,118.17,135.37,86.39
1981,广东,550,94.3,120.34,75.71
1980,广东,481,82.97,102.53,64.14
1979,广东,410,66.62,91.65,51.06
1978,广东,370,55.31,86.62,43.92
1977,广东,339.91,47.49,79.18,42.23
1976,广东,318.82,46.55,72.23,37.6
1975,广东,326.08,48.58,71.75,37.33
1974,广东,290.76,47.72,58.23,32.25
1973,广东,276.92,44.51,54.29,30.16
1972,广东,260.03,43.94,47.44,27.09
1971,广东,254.28,43.28,45.41,24.54
1970,广东,257.51,44.09,44.14,23.84
1969,广东,231.73,39.59,36.56,22.46
1968,广东,210.59,38.81,28.46,20.02
1967,广东,237.89,41.82,31.56,22.61
1966,广东,245.17,41.04,32.81,22.55
1965,广东,227.45,37.29,27.83,21.88
1964,广东,218.96,37.02,24.12,20.49
1963,广东,224.88,36.78,23.25,21.78
1962,广东,204.03,31.03,23.16,18.2
1961,广东,177.86,28.24,18.93,15.01
1960,广东,209.86,25.5,28.12,19.14
1959,广东,215.04,27.39,26.68,19.43
1958,广东,200.15,30.44,19.15,17.5
1957,广东,179.16,28.84,14.6,15.2
1956,广东,165.65,27.02,11.69,14.33
1955,广东,151.61,24.44,10.16,12.99
1954,广东,153.19,24.35,9.75,12.7
1953,广东,138.96,21.03,9.26,10.94
1952,广东,101.41,14.39,6.7,8.43
2013,广西,30588,2343.57,6863.04,5171.39
2012,广西,27952,2172.37,6247.43,4615.3
2011,广西,25326,2047.23,5675.32,3998.33
2010,广西,20219,1675.06,4511.68,3383.11
2009,广西,16045,1458.49,3381.54,2919.13
2008,广西,14966,1453.9,3037.74,2679.94
2007,广西,12555,1241.35,2425.29,2289
2006,广西,10296,1032.47,1878.56,1917.47
2005,广西,8787.729,912.5,1510.68,1652.57
2004,广西,7196,811.38,1288.26,1220.46
2003,广西,5969,652.28,1007.96,1074.89
2002,广西,5099,595.68,863.96,995.72
2001,广西,4668,562.52,791.85,876.82
2000,广西,4318.8119,538.69,748,763.45
1999,广西,4147.9507,554.48,695.83,702.96
1998,广西,4346,574.25,678.19,650.6
1997,广西,4356,631.62,759.54,624.04
1996,广西,3706,580.47,710.13,579.02
1995,广西,3304,449.64,535.86,512.06
1994,广西,2675,357.74,485.57,398.52
1993,广西,1982,245.6,321.1,305
1992,广西,1490,233.03,187.48,226.09
1991,广西,1211,195.17,141.02,182.4
1990,广西,1066,176.77,118.45,153.84
1989,广西,927,149.98,109.97,123.49
1988,广西,770,118.25,100.69,94.34
1987,广西,607,99.94,81.79,59.83
1986,广西,525,85.62,69.03,50.81
1985,广西,471,77.49,54.69,48.79
1984,广西,399,66.26,43.26,40.75
1983,广西,363,63.59,37.09,33.92
1982,广西,354,63.15,34.72,31.28
1981,广西,317,52.58,33.01,27.87
1980,广西,278,44.07,30.79,22.47
1979,广西,246,37.57,27.98,19.04
1978,广西,225,31.01,25.81,19.03
1977,广西,208.45,30.18,24.41,14.16
1976,广西,208.15,29.74,23.56,14.02
1975,广西,211.69,30.36,22.72,13.94
1974,广西,201.25,28.55,19.78,13.94
1973,广西,194.14,27.72,18.32,12.49
1972,广西,182.11,25.57,16.01,11.89
1971,广西,160.07,21.6,14.56,9.59
1970,广西,141.69,19.27,11.47,8.62
1969,广西,130.68,18.52,9.14,7.56
1968,广西,108.63,17.37,5.11,5.98
1967,广西,121.88,17.51,6.96,6.71
1966,广西,127.38,16.5,8.73,6.45
1965,广西,130.8,17.13,8.46,5.86
1964,广西,116.62,14.4,7.09,5.69
1963,广西,108.43,12.13,6.87,5.49
1962,广西,108.83,12.44,6.08,5.3
1961,广西,109.85,10.46,7.51,5.82
1960,广西,119.44,10.63,8.39,7.13
1959,广西,121.82,11.68,8.88,6.19
1958,广西,113.14,12.71,6.79,5.02
1957,广西,101.73,11.45,5.54,4.58
1956,广西,94.13,10.63,4.97,3.91
1955,广西,85.62,9.96,4.47,3
1954,广西,81.16,9.6,4.13,2.48
1953,广西,72.65,8.71,3.48,2.05
1952,广西,66.57,8.34,2.95,1.52
2013,海南,35317,756.47,871.29,1518.7
2012,海南,32377,711.54,804.47,1339.53
2011,海南,28898,659.23,714.5,1148.93
2010,海南,23831,539.83,571,953.67
2009,海南,19254,462.19,443.43,748.59
2008,海南,17175,437.61,434.4,587.22
2007,海南,14555,361.07,364.26,497.95
2006,海南,12654,344.48,287.86,420.51
2005,海南,10871,300.75,220.07,373.75
2004,海南,9450,283.84,180.41,305.11
2003,海南,8316,248.33,151.16,271.44
2002,海南,7803,228.95,125.33,249.85
2001,海南,7135,201.79,111.25,232.92
2000,海南,6893.9475,196.56,102.45,219.47
1999,海南,6382.9816,176.42,94.95,199.86
1998,海南,5912,164,90.63,184.29
1997,海南,5698,151.28,82.68,175.9
1996,海南,5346,143.54,81.32,164.67
1995,海南,5063,128.9,78.48,155.87
1994,海南,4702,107.55,83.66,139.74
1993,海南,3755,76.82,66.08,117.5
1992,海南,2719,53.59,38.27,93.06
1991,海南,1804,49.8,24.71,46.01
1990,海南,1562,45.71,20.19,36.52
1989,海南,1420,42.64,18.29,30.39
1988,海南,1220,38.46,14.19,24.35
1987,海南,925,28.63,10.91,17.74
1986,海南,0,0,0,0
1985,海南,0,0,0,0
1984,海南,0,0,0,0
1983,海南,0,0,0,0
1982,海南,0,0,0,0
1981,海南,0,0,0,0
1980,海南,0,0,0,0
1979,海南,0,0,0,0
1978,海南,0,0,0,0
1977,海南,0,0,0,0
1976,海南,0,0,0,0
1975,海南,0,0,0,0
1974,海南,0,0,0,0
1973,海南,0,0,0,0
1972,海南,0,0,0,0
1971,海南,0,0,0,0
1970,海南,0,0,0,0
1969,海南,0,0,0,0
1968,海南,0,0,0,0
1967,海南,0,0,0,0
1966,海南,0,0,0,0
1965,海南,0,0,0,0
1964,海南,0,0,0,0
1963,海南,0,0,0,0
1962,海南,0,0,0,0
1961,海南,0,0,0,0
1960,海南,0,0,0,0
1959,海南,0,0,0,0
1958,海南,0,0,0,0
1957,海南,0,0,0,0
1956,海南,0,0,0,0
1955,海南,0,0,0,0
1954,海南,0,0,0,0
1953,海南,0,0,0,0
1952,海南,0,0,0,0
2013,重庆,42795,1016.74,6397.92,5242.03
2012,重庆,38914,940.01,5975.18,4494.41
2011,重庆,34500,844.52,5543.04,3623.81
2010,重庆,27596,685.38,4359.12,2881.08
2009,重庆,22920,606.8,3448.77,2474.44
2008,重庆,18025,575.4,2433.27,2087.99
2007,重庆,14660,482.39,1892.1,1748.02
2006,重庆,12457,425.81,1500.97,1564.79
2005,重庆,10982,463.4,1259.12,1347.97
2004,重庆,9608,431.32,1181.24,1052.83
2003,重庆,7209,336.36,977.3,936.9
2002,重庆,6347,315.78,827.55,827.97
2001,重庆,5654,293.03,727.66,729.08
2000,重庆,5157.3147,283,657.51,648.83
1999,重庆,4826.1747,284.28,604.39,591.04
1998,重庆,5016,298.67,585.38,545.21
1997,重庆,4452,304.51,563.4,482.19
1996,重庆,4130,287.56,474.31,425.6
1995,重庆,3395,264.19,412.28,339.78
1994,重庆,2541,1,1,1
1993,重庆,1870,141.99,229.53,181.53
1992,重庆,1427,117.28,164.58,138.32
1991,重庆,1166,109.49,130.88,101.18
1990,重庆,1031,100.4,115.71,83.71
1989,重庆,965,81.99,116.35,80.13
1988,重庆,840,75,101.13,63.92
1987,重庆,673,62.69,78.35,49.31
1986,重庆,611,60.06,70.52,39.76
1985,重庆,551,53.73,63.93,34.3
1984,重庆,479,50.66,52.95,27.66
1983,重庆,408,45.44,44.33,21.69
1982,重庆,372,40.62,41.49,18.49
1981,重庆,338,36.32,38.6,15.75
1980,重庆,319,32.57,37.62,14.58
1979,重庆,287,28.79,34.02,13.06
1978,重庆,256,24.81,30.8,11.71
1977,重庆,0,0,0,0
1976,重庆,0,0,0,0
1975,重庆,0,0,0,0
1974,重庆,0,0,0,0
1973,重庆,0,0,0,0
1972,重庆,0,0,0,0
1971,重庆,0,0,0,0
1970,重庆,0,0,0,0
1969,重庆,0,0,0,0
1968,重庆,0,0,0,0
1967,重庆,0,0,0,0
1966,重庆,0,0,0,0
1965,重庆,0,0,0,0
1964,重庆,0,0,0,0
1963,重庆,0,0,0,0
1962,重庆,0,0,0,0
1961,重庆,0,0,0,0
1960,重庆,0,0,0,0
1959,重庆,0,0,0,0
1958,重庆,0,0,0,0
1957,重庆,0,0,0,0
1956,重庆,0,0,0,0
1955,重庆,0,0,0,0
1954,重庆,0,0,0,0
1953,重庆,0,0,0,0
1952,重庆,0,0,0,0
2013,四川,32454,3425.61,13579.03,9256.13
2012,四川,29608,3297.21,12333.28,8242.31
2011,四川,26133,2983.51,11029.13,7014.04
2010,四川,21182,2482.89,8672.18,6030.41
2009,四川,17339,2240.61,6711.87,5198.8
2008,四川,15378,2366.15,5790.1,4350
2007,四川,12893,2032,4641.3,3832
2006,四川,10546,1595.48,3775.19,3267.14
2005,四川,9060,1481.14,3067.23,2836.74
2004,四川,8113,1394.2583,2689.9955,2471.7596
2003,四川,6418,1128.61,2266.06,2061.65
2002,四川,5766,1027.62,1982.44,1865.06
2001,四川,5250,981.68,1756.86,1683.22
2000,四川,4783.7658,945.58,1700.49,1364.18
1999,四川,4451.9037,941.02,1556.68,1213.91
1998,四川,4294,941.24,1527.07,1111.95
1997,四川,4029,919.28,1385.38,1015.45
1996,四川,3550,1175,1773.41,1266.59
1995,四川,3043,662.46,980.91,799.84
1994,四川,2481,788.39,1166.22,823.27
1993,四川,1854,449.38,580.38,456.32
1992,四川,1477,372.04,441.57,363.66
1991,四川,1283,339,376.48,300.83
1990,四川,1134,321.41,312.64,256.9
1989,四川,960,263.15,263.44,218.39
1988,四川,861,241.95,238.32,179.42
1987,四川,702,202.25,187.88,140.73
1986,四川,614,181.2,160.62,116.41
1985,四川,570,172.9,148.11,100.14
1984,四川,487,156.11,121.68,80.27
1983,四川,425,138.17,105.69,67.14
1982,四川,379,125.36,92.84,57.03
1981,四川,337,108.02,83.36,50.94
1980,四川,320,101.68,81.05,46.58
1979,四川,289,91.95,72.31,41.5
1978,四川,261,82.2,65.55,36.86
1977,四川,238,69.77,61.16,31.94
1976,四川,212,56.12,54.69,30.08
1975,四川,213,58.97,48.95,29.02
1974,四川,206,61.15,42.46,27.14
1973,四川,196,60.18,37.24,25.52
1972,四川,174,54.63,31.07,22.46
1971,四川,175,56.09,29.51,21.34
1970,四川,169,55.03,26.91,20.38
1969,四川,149,50.47,17.08,19.66
1968,四川,135,49.66,8.51,18.79
1967,四川,162,54.94,15.98,18.36
1966,四川,181,55.83,22.83,17.6
1965,四川,168,48.62,20.76,17.11
1964,四川,152,44.08,15.46,16.21
1963,四川,143,42.74,10.27,16.06
1962,四川,125,34.96,10.63,12.8
1961,四川,109,24.3,15.58,12.4
1960,四川,107,21.7,22.83,11.39
1959,四川,120,31.09,21.66,10.41
1958,四川,119,34.18,18.18,9.37
1957,四川,111,36.87,11.63,8.07
1956,四川,100,32.03,10.51,7.2
1955,四川,88,27.33,9.13,6.76
1954,四川,83,25.9,7.83,6.27
1953,四川,76,23.42,6.11,6.14
1952,四川,69,21.18,4.55,5.96
2013,贵州,22921.67,1029.05,3243.7,3734.04
2012,贵州,19710,891.91,2677.54,3282.75
2011,贵州,16413,726.22,2194.33,2781.29
2010,贵州,13119,625.03,1800.06,2177.07
2009,贵州,10309,550.27,1476.62,1885.79
2008,贵州,8824,547.85,1408.71,1376.84
2007,贵州,6915,446.38,1148.27,1147.25
2006,贵州,5787,393.17,980.78,908.05
2005,贵州,5051.96,368.94,826.63,783.49
2004,贵州,4215,334.11,714.66,543.13
2003,贵州,3603,298.37,579.31,478.43
2002,贵州,3153,280.83,474.68,429.53
2001,贵州,2895.2902,274.17,419.74,390.99
2000,贵州,2661.5571,270.99,387.85,334.69
1999,贵州,2475.3042,267.57,348.59,295.7
1998,贵州,2364,264.89,326.03,250.96
1997,贵州,2215,271.83,293.47,227.68
1996,贵州,2048,260.56,257.82,201.45
1995,贵州,1826,227.13,232.52,176.56
1994,贵州,1527,183.52,195.76,141.89
1993,贵州,1234,133.41,155.03,129.25
1992,贵州,1034,121.18,122.08,96.65
1991,贵州,896,115.71,101.54,78.65
1990,贵州,810,100.1,92.83,67.21
1989,贵州,750,92.88,86.74,56.22
1988,贵州,683,85.2,78.63,47.96
1987,贵州,546,66.46,60.11,38.93
1986,贵州,467,56.46,50.96,32.15
1985,贵州,420,50.45,49.88,23.59
1984,贵州,371,45.73,43.51,19.03
1983,贵州,302,37.76,33.14,16.48
1982,贵州,278,37.37,27.44,14.58
1981,贵州,242,29.9,24.95,13.04
1980,贵州,219,24.86,24,11.4
1979,贵州,204,23.29,22.41,9.58
1978,贵州,175,19.42,18.73,8.47
1977,贵州,144,18.07,13.5,6.15
1976,贵州,110,16.94,8,4.36
1975,贵州,124,16.16,9.46,5.48
1974,贵州,101,14.52,5.79,4.17
1973,贵州,119,15.62,8.2,4.57
1972,贵州,129,13.55,11.9,4.17
1971,贵州,145,15.93,12.06,4.3
1970,贵州,132,15.15,9.56,3.65
1969,贵州,102,13.82,4.33,2.97
1968,贵州,108,14.16,4.2,3.02
1967,贵州,125,15.91,4.66,3.42
1966,贵州,134,14.9,6.04,3.84
1965,贵州,136,15.25,5.63,3.53
1964,贵州,114,13.07,3.74,2.94
1963,贵州,100,11.13,2.97,2.7
1962,贵州,100,11.01,2.93,2.58
1961,贵州,110,9.19,5.17,3.69
1960,贵州,135,8.6,9.49,4.85
1959,贵州,136,10.05,9.01,4.45
1958,贵州,120,10.5,6.02,3.84
1957,贵州,99,9.73,3.49,3.08
1956,贵州,91,8.87,3.25,2.53
1955,贵州,74,7.28,2.35,1.98
1954,贵州,72,7.19,2.19,1.76
1953,贵州,66,6.47,1.97,1.57
1952,贵州,58,5.85,1.59,1.11
2013,云南,25083,1895.34,4927.82,4897.75
2012,云南,22195,1654.55,4419.2,4235.72
2011,云南,19265,1411.01,3780.32,3701.79
2010,云南,15752,1108.38,3223.49,2892.31
2009,云南,13539,1067.6,2582.53,2519.62
2008,云南,12587,1020.94,2451.09,2228.07
2007,云南,10540,837.35,2051.08,1852.88
2006,云南,8970,749.81,1712.6,1544.31
2005,云南,7835,669.81,1432.76,1370.32
2004,云南,6733,604.33,1314.19,1040.96
2003,云南,5662,502.84,1069.29,893.16
2002,云南,5179,470.5,951.48,810.34
2001,云南,4866,450.54,881.49,742.68
2000,云南,4636.6504,436.26,843.24,675.59
1999,云南,4452.2444,412.17,825.12,618.45
1998,云南,4446,408.43,828.37,557.1
1997,云南,4042,391.48,750.01,502.74
1996,云南,3779,364.27,672.82,454.53
1995,云南,3083,302.69,534.78,384.68
1994,云南,2515,237.51,429.66,306.8
1993,云南,2030,191.45,325.57,266.25
1992,云南,1622,186.8,219.03,212.86
1991,云南,1377,169.48,179.56,168.37
1990,云南,1224,168.13,157.8,125.74
1989,云南,1003,119.01,138.06,105.98
1988,云南,845,103.47,112.4,85.22
1987,云南,653,84.06,84.3,60.67
1986,云南,529,71.32,70.83,40.13
1985,云南,486,66.07,65.41,33.48
1984,云南,417,57.33,54.38,27.87
1983,云南,363,49.33,47.28,23.46
1982,云南,339,47.04,42.39,20.69
1981,云南,294,41.23,35.8,17.1
1980,云南,267,35.89,33.98,14.4
1979,云南,247,32.38,30.5,13.95
1978,云南,226,29.46,27.58,12.01
1977,云南,187,24.36,21.45,10.03
1976,云南,169,25.7,14.96,8.61
1975,云南,190,26.34,19.12,8.83
1974,云南,186,24.29,18.98,8.51
1973,云南,202,27.23,18.85,8.49
1972,云南,188,24.84,16.89,7.77
1971,云南,171,21.99,14.57,6.91
1970,云南,156,18.87,13.38,6.27
1969,云南,144,18.63,10.01,5.7
1968,云南,114,17.36,4.74,4.41
1967,云南,151,18.49,10.17,5.52
1966,云南,166,18.37,12.18,5.84
1965,云南,158,17.31,11.01,5.3
1964,云南,142,16.18,8.19,4.88
1963,云南,129,14.01,7.11,4.51
1962,云南,127,13.64,6.55,4.31
1961,云南,121,11.16,7.28,4.46
1960,云南,134,8.83,10.5,6.1
1959,云南,133,9,10.01,6.34
1958,云南,122,9.57,7.99,5.65
1957,云南,121,12.47,5.43,4.63
1956,云南,117,11.6,5.11,4.62
1955,云南,103,10.44,4.13,3.77
1954,云南,97,9.92,3.57,3.54
1953,云南,87,8.87,2.88,3.11
1952,云南,70,7.27,1.82,2.69
2013,西藏,26068,86.82,292.92,427.93
2012,西藏,22936,80.38,242.85,377.8
2011,西藏,20077,74.47,208.79,322.57
2010,西藏,17319,68.72,163.92,274.82
2009,西藏,15295,63.88,136.63,240.85
2008,西藏,13861,60.51,115.76,219.64
2007,西藏,12109,54.89,98.48,188.82
2006,西藏,10430,50.9,80.1,160.01
2005,西藏,9114,48.04,63.52,139.65
2004,西藏,7779,43.33,57.61,110.6
2003,西藏,6871,40.62,47.99,95.89
2002,西藏,6093,39.68,32.93,88.81
2001,西藏,5307,37.47,32.18,69.08
2000,西藏,4558.6991,36.32,27.214,53.93
1999,西藏,4261.7328,34.19,24,47.42
1998,西藏,3666,31.31,20.24,39.63
1997,西藏,3194,29.18,16.95,30.85
1996,西藏,2688,27.15,11.39,26.22
1995,西藏,2358,23.48,13.24,19.39
1994,西藏,1964,21.1,7.92,16.82
1993,西藏,1624,18.3,5.49,13.63
1992,西藏,1468,16.59,4.46,12.24
1991,西藏,1358,15.5,4.17,10.86
1990,西藏,1276,14.1,3.57,10.03
1989,西藏,1021,10.04,2.84,8.98
1988,西藏,964,9.65,2.41,8.19
1987,西藏,863,8.07,2.13,7.51
1986,西藏,842,7.95,2.18,6.82
1985,西藏,894,8.87,3.08,5.81
1984,西藏,702,6.38,2.8,4.5
1983,西藏,538,5.5,2.59,2.2
1982,西藏,544,5.82,2.09,2.3
1981,西藏,560,6.3,1.68,2.42
1980,西藏,471,4.64,2.18,1.85
1979,西藏,404,3.5,2.02,1.78
1978,西藏,375,3.37,1.84,1.44
1977,西藏,0,0,0,0
1976,西藏,0,0,0,0
1975,西藏,0,0,0,0
1974,西藏,0,0,0,0
1973,西藏,0,0,0,0
1972,西藏,0,0,0,0
1971,西藏,0,0,0,0
1970,西藏,0,0,0,0
1969,西藏,0,0,0,0
1968,西藏,0,0,0,0
1967,西藏,0,0,0,0
1966,西藏,0,0,0,0
1965,西藏,0,0,0,0
1964,西藏,0,0,0,0
1963,西藏,0,0,0,0
1962,西藏,0,0,0,0
1961,西藏,0,0,0,0
1960,西藏,0,0,0,0
1959,西藏,0,0,0,0
1958,西藏,0,0,0,0
1957,西藏,0,0,0,0
1956,西藏,0,0,0,0
1955,西藏,0,0,0,0
1954,西藏,0,0,0,0
1953,西藏,0,0,0,0
1952,西藏,0,0,0,0
2013,陕西,42692,1526.05,8911.64,5607.52
2012,陕西,38564,1370.16,8073.87,5009.65
2011,陕西,33464,1220.9,6935.59,4355.81
2010,陕西,27133,988.45,5446.1,3688.93
2009,陕西,21688,789.64,4236.42,3143.74
2008,陕西,18246,753.72,3842.08,2255.52
2007,陕西,14607,592.63,2964.56,1908.6
2006,陕西,12138,488.48,2440.5,1594.76
2005,陕西,9899,435.77,1849.28,1390.61
2004,陕西,7757,394.98,1416.82,1071.71
2003,陕西,6480,320.03,1133.56,944.99
2002,陕西,5523,303.79,925.78,806.39
2001,陕西,5024,287.24,816.34,740.69
2000,陕西,4549.2194,279.12,731.9,649.9
1999,陕西,4101.4888,267.51,641.9,578.2
1998,陕西,4070,283.49,567.66,530.38
1997,陕西,3707,271.52,555.86,498.66
1996,陕西,3446,262.74,475.01,437.63
1995,陕西,2965,217.27,441.67,377.91
1994,陕西,2424,181.78,336.46,298.34
1993,陕西,1981,148.24,297.49,232.47
1992,陕西,1571,116.71,232.07,182.85
1991,陕西,1402,116.88,197.54,153.95
1990,陕西,1241,105.56,166.95,131.79
1989,陕西,1124,91.28,158.5,108.59
1988,陕西,1004,82.69,138.58,93.21
1987,陕西,794,67.84,108.2,68.92
1986,陕西,688,58,93.48,56.83
1985,陕西,604,53.39,81.96,45.52
1984,陕西,504,51.05,63.12,35.18
1983,陕西,420,40,55.15,28.24
1982,陕西,385,37.02,50.36,24.57
1981,陕西,356,35.4,46.25,20.44
1980,陕西,334,28.47,47.74,18.7
1979,陕西,336,32.52,44.67,17.33
1978,陕西,291,24.7,42.13,14.24
1977,陕西,256,24.09,33.88,12.02
1976,陕西,233,23.78,27.75,11.41
1975,陕西,243,23.76,29.87,11.29
1974,陕西,236,23.24,27.74,11.05
1973,陕西,231,22.17,26.73,10.73
1972,陕西,229,20.78,27.18,9.8
1971,陕西,234,22.72,25.86,9.08
1970,陕西,196,18.89,20.42,7.53
1969,陕西,175,17,16.01,7.72
1968,陕西,124,14.84,7.03,6.24
1967,陕西,166,16.85,12.23,7.76
1966,陕西,187,16.59,15.97,7.91
1965,陕西,169,17.51,11.78,6.64
1964,陕西,141,13.33,9.44,6.57
1963,陕西,135,13.09,8.12,6.15
1962,陕西,135,13.35,7.3,6.2
1961,陕西,162,15.61,8.38,7.65
1960,陕西,200,12.59,17.17,8.54
1959,陕西,192,12.73,14.93,7.92
1958,陕西,171,13.48,10.83,6.71
1957,陕西,144,13.17,6.06,6.35
1956,陕西,156,14.92,6.52,5.7
1955,陕西,122,11.43,4.85,4.3
1954,陕西,123,12.34,3.73,3.97
1953,陕西,111,11.03,2.84,3.57
1952,陕西,85,8.4,1.92,2.53
2013,甘肃,24296,879.37,2821.04,2567.6
2012,甘肃,21978,780.5,2600.09,2269.61
2011,甘肃,19595,678.75,2377.83,1963.79
2010,甘肃,16113,599.28,1984.97,1536.5
2009,甘肃,12872,497.05,1527.24,1363.27
2008,甘肃,12110,463,1471.43,1241.68
2007,甘肃,10346,385.97,1279.32,1037.11
2006,甘肃,8757,333.35,1043.19,900.16
2005,甘肃,7476.5293,308.06,838.56,787.36
2004,甘肃,5970,281.4,758.18,519.35
2003,甘肃,5021.6324,236.61,607.62,460.37
2002,甘肃,4493,214.45,530.36,416.62
2001,甘肃,4163.3574,207.05,481.07,384.39
2000,甘肃,3838.2514,193.36,439.88,350.12
1999,甘肃,3667.7686,191.21,423.79,316.98
1998,甘肃,3541,202.21,382,285.54
1997,甘肃,3137,189.79,343.4,248.15
1996,甘肃,2946,187.81,314.96,211.41
1995,甘肃,2316,110.65,256.83,190.28
1994,甘肃,1921,103.81,199.32,148.53
1993,甘肃,1600,87.43,159.96,124.85
1992,甘肃,1384,74.2,128.66,114.93
1991,甘肃,1204,66.55,111.91,92.93
1990,甘肃,1099,64.06,98.33,80.41
1989,甘肃,1007,59.01,91.79,66.04
1988,甘肃,905,52.77,81.33,57.74
1987,甘肃,764,45.27,68.4,45.85
1986,甘肃,684,38.02,65.27,37.45
1985,甘肃,608,33.08,58.81,31.5
1984,甘肃,515,27.83,49.98,25.36
1983,甘肃,462,27.65,42.92,20.93
1982,甘肃,393,19.68,38.54,18.66
1981,甘肃,367,17.63,35.3,17.96
1980,甘肃,388,16.46,39.85,17.59
1979,甘肃,359,12.89,40.98,13.64
1978,甘肃,348,13.21,39.04,12.48
1977,甘肃,318,13.51,35.28,9.93
1976,甘肃,309,13.55,34.43,8.47
1975,甘肃,318,14.34,33.85,9.18
1974,甘肃,279,13.39,28.27,7.93
1973,甘肃,252,10.96,25.43,7.46
1972,甘肃,243,9.88,24.7,6.59
1971,甘肃,231,8.33,24.62,4.92
1970,甘肃,218,8.28,21.05,5.17
1969,甘肃,178,7.91,15,4.37
1968,甘肃,157,7.95,11.7,3.72
1967,甘肃,160,6.77,11.92,4.39
1966,甘肃,174,6.78,13.08,4.37
1965,甘肃,186,7.74,12.74,4.5
1964,甘肃,152,6.88,8.65,4.13
1963,甘肃,130,6.66,5.85,3.74
1962,甘肃,101,5.15,3.9,3.52
1961,甘肃,97,4.7,3.76,3.29
1960,甘肃,143,4.57,8.91,4.34
1959,甘肃,183,7.59,10.21,5.93
1958,甘肃,178,9.26,8.07,5.48
1957,甘肃,160,9.65,5.63,4.83
1956,甘肃,174,11.22,5.08,4.87
1955,甘肃,154,10.51,3.75,3.56
1954,甘肃,146,10.43,2.44,3.43
1953,甘肃,126,8.87,1.8,3.19
1952,甘肃,125,8.66,1.73,2.93
2013,青海,36510,207.59,1204.31,689.15
2012,青海,33181,176.91,1092.34,624.29
2011,青海,29522,155.08,975.18,540.18
2010,青海,24115,134.92,744.63,470.88
2009,青海,19454,107.4,575.33,398.54
2008,青海,17389,105.58,529.4,326.55
2007,青海,14257,83.41,417.78,282.42
2006,青海,11762,69.64,331.16,240.78
2005,青海,10044.7403,65.34,264.61,213.37
2004,青海,8606,57.81,227.06,180.86
2003,青海,7277,46.15,184.26,159.8
2002,青海,6426,44.9,154.01,142.2
2001,青海,5734.5655,42.79,132.18,125.98
2000,青海,5087.1369,38.53,114,111.06
1999,青海,4662.4291,40.54,97.88,99.97
1998,青海,4426,41.63,88.42,90.11
1997,青海,4066,40.65,78.8,82.6
1996,青海,3799,39.46,71.52,72.59
1995,青海,3513,39.62,64.58,63.6
1994,青海,2942,31.71,58.35,48.18
1993,青海,2364,22.21,48.13,39.34
1992,青海,1912,19.9,36.31,31.31
1991,青海,1647,17.96,29.84,27.3
1990,青海,1558,17.67,26.89,25.38
1989,青海,1365,15.73,25.29,19.35
1988,青海,1260,14.36,23.3,17.3
1987,青海,1018,11.74,16.61,15.03
1986,青海,916,10.47,15.4,12.57
1985,青海,808,8.64,13.39,10.98
1984,青海,662,7.35,10.15,8.92
1983,青海,569,5.9,8.98,7.57
1982,青海,513,5.56,8.03,6.36
1981,青海,459,4.63,7.23,5.63
1980,青海,473,5,7.83,4.96
1979,青海,410,3.97,7.44,3.78
1978,青海,428,3.67,7.71,4.16
1977,青海,371,3.84,5.88,3.41
1976,青海,356,4.57,4.56,3.11
1975,青海,371,4.64,4.76,3.02
1974,青海,361,4.66,4.31,2.79
1973,青海,352,4.35,4.11,2.62
1972,青海,341,4.11,3.71,2.52
1971,青海,320,3.63,3.4,2.29
1970,青海,303,3.36,2.79,2
1969,青海,262,3.35,1.79,1.89
1968,青海,246,2.98,1.56,1.81
1967,青海,281,3.65,1.57,1.73
1966,青海,270,3.12,1.64,1.66
1965,青海,271,3.36,1.28,1.5
1964,青海,257,3.12,1.04,1.41
1963,青海,232,2.66,0.85,1.35
1962,青海,218,2.17,0.82,1.6
1961,青海,233,2.12,1.24,2.04
1960,青海,300,1.89,3.22,2.57
1959,青海,284,1.93,3.03,1.98
1958,青海,225,1.9,1.59,1.38
1957,青海,193,2.13,0.78,1.04
1956,青海,199,1.9,1,0.91
1955,青海,164,1.84,0.51,0.58
1954,青海,138,1.67,0.24,0.44
1953,青海,106,1.24,0.2,0.3
1952,青海,101,1.2,0.12,0.31
2013,宁夏,39420,222.98,1264.96,1077.12
2012,宁夏,36394,199.4,1159.37,982.52
2011,宁夏,33043,184.14,1056.15,861.92
2010,宁夏,26860,159.29,827.91,702.45
2009,宁夏,21777,127.25,662.32,563.74
2008,宁夏,17892,120,581.24,397.27
2007,宁夏,14649,97.89,451.82,339.49
2006,宁夏,11847,79.54,349.83,281.39
2005,宁夏,10239,72.08,281.23,252.79
2004,宁夏,7880,65.13,239.42,155.8
2003,宁夏,6691,55.5,192,137.84
2002,宁夏,5804,52.84,151.16,125.28
2001,宁夏,5340,49.57,134.37,114.44
2000,宁夏,4839.1035,45.95,120.04,99.58
1999,宁夏,4472.6168,48.01,102.68,90.8
1998,宁夏,4607,48.69,94.01,84.76
1997,宁夏,4025,44.82,87.65,78.45
1996,宁夏,3926,43.24,79.74,70.64
1995,宁夏,3448,35.41,74.67,65.1
1994,宁夏,2740,29.93,55.78,48.26
1993,宁夏,2148,20.84,45.61,38.04
1992,宁夏,1718,18.31,34.05,30.78
1991,宁夏,1511,17.9,27.77,26.1
1990,宁夏,1393,16.84,25.34,22.66
1989,宁夏,1317,14.8,24.39,20.02
1988,宁夏,1143,13.39,19.74,17.16
1987,宁夏,922,10.44,15.77,13.42
1986,宁夏,823,10.36,12.97,11.2
1985,宁夏,737,8.9,12.12,9.25
1984,宁夏,615,7.82,9.46,7.49
1983,宁夏,525,6.62,7.87,6.29
1982,宁夏,469,5.66,7.02,5.54
1981,宁夏,460,5.47,6.97,4.97
1980,宁夏,433,4.26,7.27,4.42
1979,宁夏,399,3.41,7.36,3.58
1978,宁夏,370,3.06,6.6,3.33
1977,宁夏,354,2.93,6.25,2.95
1976,宁夏,333,2.72,5.6,2.78
1975,宁夏,374,3.35,5.9,2.81
1974,宁夏,365,3.47,5.32,2.61
1973,宁夏,296,2.4,4.15,2.41
1972,宁夏,302,2.69,3.84,2.3
1971,宁夏,288,2.7,3.35,2.07
1970,宁夏,241,2.07,2.71,1.74
1969,宁夏,225,2.31,2.14,1.41
1968,宁夏,202,2.23,1.68,1.15
1967,宁夏,228,2.62,1.63,1.22
1966,宁夏,234,2.42,1.64,1.35
1965,宁夏,211,2.24,1.24,1.18
1964,宁夏,194,1.98,0.97,1.14
1963,宁夏,195,2.06,0.85,1.05
1962,宁夏,200,2.32,0.75,0.95
1961,宁夏,199,2.12,0.86,1.17
1960,宁夏,227,1.52,1.99,1.29
1959,宁夏,217,1.82,1.34,1.2
1958,宁夏,176,1.84,0.65,0.8
1957,宁夏,147,1.8,0.22,0.56
1956,宁夏,152,1.91,0.18,0.48
1955,宁夏,138,1.71,0.17,0.36
1954,宁夏,138,1.68,0.15,0.31
1953,宁夏,115,1.31,0.11,0.26
1952,宁夏,126,1.43,0.08,0.22
2013,新疆,37181,1468.29,3765.97,3125.98
2012,新疆,33796,1320.57,3481.56,2703.18
2011,新疆,30087,1139.03,3225.9,2245.12
2010,新疆,25034,1078.63,2592.15,1766.69
2009,新疆,19942,759.74,1929.59,1587.72
2008,新疆,19893,691.1,2086.74,1425.57
2007,新疆,16999,628.72,1647.55,1246.89
2006,新疆,15000,527.8,1459.3,1058.16
2005,新疆,13108,509.99,1164.79,929.41
2004,新疆,11199,444.7,1010.07,745.38
2003,新疆,9700,412.9,796.84,667.87
2002,新疆,8382,305,672.1,621.18
2001,新疆,7913,288.12,630.37,566.99
2000,新疆,7469.8056,288.18,586.84,489.34
1999,新疆,6469.7317,268.51,460.71,439.33
1998,新疆,6174,291.05,430.73,394.89
1997,新疆,5904,279.73,413.29,357.12
1996,新疆,5102,249.31,336.89,325.95
1995,新疆,4701,240.71,283.97,290.17
1994,新疆,3888,187.69,265.38,220.61
1993,新疆,2964,126.85,205.07,163.33
1992,新疆,2477,114.5,147.64,140.17
1991,新疆,2101,111.86,107.99,116.07
1990,新疆,1713,104.09,83.18,74.17
1989,新疆,1493,78.01,73.83,65.45
1988,新疆,1347,72.27,66.02,54.43
1987,新疆,1053,56.18,50.3,42.03
1986,新疆,924,46,45.63,37.41
1985,新疆,820,42.89,40.5,28.85
1984,新疆,661,36.67,31.65,21.42
1983,新疆,583,32.84,29.1,16.61
1982,新疆,488,28.11,23.35,13.78
1981,新疆,450,25.18,22.39,11.83
1980,新疆,410,21.53,21.44,10.28
1979,新疆,359,16.32,21.43,7.88
1978,新疆,313,13.97,18.35,6.75
1977,新疆,293,13.1,16.52,6.05
1976,新疆,266,12.35,14.01,5.42
1975,新疆,240,11.21,12.2,4.71
1974,新疆,222,10.25,10.15,4.65
1973,新疆,226,10.72,9.27,4.67
1972,新疆,232,10.79,8.97,4.63
1971,新疆,258,11.41,9.96,4.76
1970,新疆,236,10.35,8.67,4.06
1969,新疆,211,9.26,6.9,3.69
1968,新疆,219,9.21,6.77,3.81
1967,新疆,259,10.91,7.51,4.03
1966,新疆,325,13.81,8.17,4.81
1965,新疆,312,12.48,7.32,4.4
1964,新疆,292,11.29,6.29,3.97
1963,新疆,267,9.79,5.66,3.56
1962,新疆,249,8.26,6.11,3.35
1961,新疆,305,8.21,9.11,4.13
1960,新疆,374,9.27,11.06,4.87
1959,新疆,344,8.73,8.48,4.16
1958,新疆,294,8.8,4.72,3.39
1957,新疆,267,7.88,3.82,2.97
1956,新疆,268,7.51,3.71,2.87
1955,新疆,241,6.7,3.22,2.4
1954,新疆,211,6.26,2.7,1.58
1953,新疆,179,5.51,2.1,1.13
1952,新疆,166,5.12,1.74,1.05
